/*
 Navicat Premium Data Transfer

 Source Server         : localhost
 Source Server Type    : MySQL
 Source Server Version : 50723
 Source Host           : localhost
 Source Database       : pigxx_ac

 Target Server Type    : MySQL
 Target Server Version : 50723
 File Encoding         : utf-8

 Date: 12/11/2018 21:39:50 PM
*/

SET NAMES utf8;
SET FOREIGN_KEY_CHECKS = 0;

-- ----------------------------
--  Table structure for `ACT_EVT_LOG`
-- ----------------------------
DROP TABLE IF EXISTS `ACT_EVT_LOG`;
CREATE TABLE `ACT_EVT_LOG` (
  `LOG_NR_` bigint(20) NOT NULL AUTO_INCREMENT,
  `TYPE_` varchar(64) COLLATE utf8_bin DEFAULT NULL,
  `PROC_DEF_ID_` varchar(64) COLLATE utf8_bin DEFAULT NULL,
  `PROC_INST_ID_` varchar(64) COLLATE utf8_bin DEFAULT NULL,
  `EXECUTION_ID_` varchar(64) COLLATE utf8_bin DEFAULT NULL,
  `TASK_ID_` varchar(64) COLLATE utf8_bin DEFAULT NULL,
  `TIME_STAMP_` timestamp(3) NOT NULL DEFAULT CURRENT_TIMESTAMP(3) ON UPDATE CURRENT_TIMESTAMP(3),
  `USER_ID_` varchar(255) COLLATE utf8_bin DEFAULT NULL,
  `DATA_` longblob,
  `LOCK_OWNER_` varchar(255) COLLATE utf8_bin DEFAULT NULL,
  `LOCK_TIME_` timestamp(3) NULL DEFAULT NULL,
  `IS_PROCESSED_` tinyint(4) DEFAULT '0',
  PRIMARY KEY (`LOG_NR_`)
) ENGINE=InnoDB DEFAULT CHARSET=utf8 COLLATE=utf8_bin;

-- ----------------------------
--  Table structure for `ACT_GE_BYTEARRAY`
-- ----------------------------
DROP TABLE IF EXISTS `ACT_GE_BYTEARRAY`;
CREATE TABLE `ACT_GE_BYTEARRAY` (
  `ID_` varchar(64) COLLATE utf8_bin NOT NULL,
  `REV_` int(11) DEFAULT NULL,
  `NAME_` varchar(255) COLLATE utf8_bin DEFAULT NULL,
  `DEPLOYMENT_ID_` varchar(64) COLLATE utf8_bin DEFAULT NULL,
  `BYTES_` longblob,
  `GENERATED_` tinyint(4) DEFAULT NULL,
  PRIMARY KEY (`ID_`),
  KEY `ACT_FK_BYTEARR_DEPL` (`DEPLOYMENT_ID_`),
  CONSTRAINT `ACT_FK_BYTEARR_DEPL` FOREIGN KEY (`DEPLOYMENT_ID_`) REFERENCES `ACT_RE_DEPLOYMENT` (`ID_`)
) ENGINE=InnoDB DEFAULT CHARSET=utf8 COLLATE=utf8_bin;

-- ----------------------------
--  Records of `ACT_GE_BYTEARRAY`
-- ----------------------------
BEGIN;
INSERT INTO `ACT_GE_BYTEARRAY` VALUES ('12510', '1', '请教流程.bpmn20.xml', '12509', 0x3c3f786d6c2076657273696f6e3d27312e302720656e636f64696e673d275554462d38273f3e0a3c646566696e6974696f6e7320786d6c6e733d22687474703a2f2f7777772e6f6d672e6f72672f737065632f42504d4e2f32303130303532342f4d4f44454c2220786d6c6e733a7873693d22687474703a2f2f7777772e77332e6f72672f323030312f584d4c536368656d612d696e7374616e63652220786d6c6e733a7873643d22687474703a2f2f7777772e77332e6f72672f323030312f584d4c536368656d612220786d6c6e733a61637469766974693d22687474703a2f2f61637469766974692e6f72672f62706d6e2220786d6c6e733a62706d6e64693d22687474703a2f2f7777772e6f6d672e6f72672f737065632f42504d4e2f32303130303532342f44492220786d6c6e733a6f6d6764633d22687474703a2f2f7777772e6f6d672e6f72672f737065632f44442f32303130303532342f44432220786d6c6e733a6f6d6764693d22687474703a2f2f7777772e6f6d672e6f72672f737065632f44442f32303130303532342f44492220747970654c616e67756167653d22687474703a2f2f7777772e77332e6f72672f323030312f584d4c536368656d61222065787072657373696f6e4c616e67756167653d22687474703a2f2f7777772e77332e6f72672f313939392f585061746822207461726765744e616d6573706163653d22687474703a2f2f7777772e61637469766974692e6f72672f70726f63657373646566223e0a20203c70726f636573732069643d224c6561766542696c6c22206e616d653d224c6561766542696c6c2220697345786563757461626c653d2274727565223e0a202020203c73746172744576656e742069643d227369642d33414335453536332d453645332d343737372d423434362d30343736443838344331314422206e616d653d22e68f90e4baa4222f3e0a202020203c757365725461736b2069643d227369642d38433845373242432d353330322d343041372d413031372d30344542394641393136444122206e616d653d22e794a8e688b7e68f90e4baa4223e0a2020202020203c657874656e73696f6e456c656d656e74733e0a20202020202020203c61637469766974693a7461736b4c697374656e6572206576656e743d226372656174652220636c6173733d22636f6d2e70696734636c6f75642e706967782e6163742e6c697374656e65722e4c6561766550726f636573735461736b4c697374656e6572222f3e0a2020202020203c2f657874656e73696f6e456c656d656e74733e0a202020203c2f757365725461736b3e0a202020203c757365725461736b2069643d227369642d33354144463030362d353743302d343745302d394235422d41463432344530413745344522206e616d653d22e7bb84e995bfe5aea1e689b9223e0a2020202020203c657874656e73696f6e456c656d656e74733e0a20202020202020203c61637469766974693a7461736b4c697374656e6572206576656e743d226372656174652220636c6173733d22636f6d2e70696734636c6f75642e706967782e6163742e6c697374656e65722e4c6561766550726f636573735461736b4c697374656e6572222f3e0a2020202020203c2f657874656e73696f6e456c656d656e74733e0a202020203c2f757365725461736b3e0a202020203c656e644576656e742069643d227369642d30353539313044422d314445362d344243342d423532372d32334641373139444532363522206e616d653d22e7bb93e69d9f222f3e0a202020203c73657175656e6365466c6f772069643d227369642d32424346433631362d374438412d343134312d414633462d3841433138454131303044462220736f757263655265663d227369642d33414335453536332d453645332d343737372d423434362d30343736443838344331314422207461726765745265663d227369642d38433845373242432d353330322d343041372d413031372d303445423946413931364441222f3e0a202020203c73657175656e6365466c6f772069643d227369642d45464334383546312d414543392d343536392d423430312d44313644453538463637333722206e616d653d22e5aea1e689b92220736f757263655265663d227369642d38433845373242432d353330322d343041372d413031372d30344542394641393136444122207461726765745265663d227369642d33354144463030362d353743302d343745302d394235422d414634323445304137453445222f3e0a202020203c73657175656e6365466c6f772069643d227369642d38344242323430352d384530322d344442392d384632392d45394242423033324330443922206e616d653d22e9a9b3e59b9e2220736f757263655265663d227369642d33354144463030362d353743302d343745302d394235422d41463432344530413745344522207461726765745265663d227369642d38433845373242432d353330322d343041372d413031372d303445423946413931364441223e0a2020202020203c636f6e646974696f6e45787072657373696f6e207873693a747970653d2274466f726d616c45787072657373696f6e223e3c215b43444154415b247b666c61672e657175616c732827e9a9b3e59b9e27297d5d5d3e3c2f636f6e646974696f6e45787072657373696f6e3e0a202020203c2f73657175656e6365466c6f773e0a202020203c73657175656e6365466c6f772069643d227369642d36393830363236352d423636302d344239322d423744392d38444532413535433530373922206e616d653d22e5aea1e689b92220736f757263655265663d227369642d33354144463030362d353743302d343745302d394235422d41463432344530413745344522207461726765745265663d227369642d30353539313044422d314445362d344243342d423532372d323346413731394445323635222f3e0a20203c2f70726f636573733e0a20203c62706d6e64693a42504d4e4469616772616d2069643d2242504d4e4469616772616d5f4c6561766542696c6c223e0a202020203c62706d6e64693a42504d4e506c616e652062706d6e456c656d656e743d224c6561766542696c6c222069643d2242504d4e506c616e655f4c6561766542696c6c223e0a2020202020203c62706d6e64693a42504d4e53686170652062706d6e456c656d656e743d227369642d33414335453536332d453645332d343737372d423434362d303437364438383443313144222069643d2242504d4e53686170655f7369642d33414335453536332d453645332d343737372d423434362d303437364438383443313144223e0a20202020202020203c6f6d6764633a426f756e6473206865696768743d2233302e30222077696474683d2233302e302220783d223134322e352220793d223134322e30222f3e0a2020202020203c2f62706d6e64693a42504d4e53686170653e0a2020202020203c62706d6e64693a42504d4e53686170652062706d6e456c656d656e743d227369642d38433845373242432d353330322d343041372d413031372d303445423946413931364441222069643d2242504d4e53686170655f7369642d38433845373242432d353330322d343041372d413031372d303445423946413931364441223e0a20202020202020203c6f6d6764633a426f756e6473206865696768743d2238302e30222077696474683d223130302e302220783d223231372e352220793d223131372e30222f3e0a2020202020203c2f62706d6e64693a42504d4e53686170653e0a2020202020203c62706d6e64693a42504d4e53686170652062706d6e456c656d656e743d227369642d33354144463030362d353743302d343745302d394235422d414634323445304137453445222069643d2242504d4e53686170655f7369642d33354144463030362d353743302d343745302d394235422d414634323445304137453445223e0a20202020202020203c6f6d6764633a426f756e6473206865696768743d2238302e30222077696474683d223130302e302220783d223336322e352220793d223131362e3939393939393939393939393937222f3e0a2020202020203c2f62706d6e64693a42504d4e53686170653e0a2020202020203c62706d6e64693a42504d4e53686170652062706d6e456c656d656e743d227369642d30353539313044422d314445362d344243342d423532372d323346413731394445323635222069643d2242504d4e53686170655f7369642d30353539313044422d314445362d344243342d423532372d323346413731394445323635223e0a20202020202020203c6f6d6764633a426f756e6473206865696768743d2232382e30222077696474683d2232382e302220783d223533332e383931363934363530313935372220793d223134322e3939393939393939393939393937222f3e0a2020202020203c2f62706d6e64693a42504d4e53686170653e0a2020202020203c62706d6e64693a42504d4e456467652062706d6e456c656d656e743d227369642d36393830363236352d423636302d344239322d423744392d384445324135354335303739222069643d2242504d4e456467655f7369642d36393830363236352d423636302d344239322d423744392d384445324135354335303739223e0a20202020202020203c6f6d6764693a776179706f696e7420783d223436322e352220793d223135362e3939393939393939393939393937222f3e0a20202020202020203c6f6d6764693a776179706f696e7420783d223533332e383931363934363530313935372220793d223135362e3939393939393939393939393937222f3e0a2020202020203c2f62706d6e64693a42504d4e456467653e0a2020202020203c62706d6e64693a42504d4e456467652062706d6e456c656d656e743d227369642d32424346433631362d374438412d343134312d414633462d384143313845413130304446222069643d2242504d4e456467655f7369642d32424346433631362d374438412d343134312d414633462d384143313845413130304446223e0a20202020202020203c6f6d6764693a776179706f696e7420783d223137322e352220793d223135372e30222f3e0a20202020202020203c6f6d6764693a776179706f696e7420783d223231372e352220793d223135372e30222f3e0a2020202020203c2f62706d6e64693a42504d4e456467653e0a2020202020203c62706d6e64693a42504d4e456467652062706d6e456c656d656e743d227369642d45464334383546312d414543392d343536392d423430312d443136444535384636373337222069643d2242504d4e456467655f7369642d45464334383546312d414543392d343536392d423430312d443136444535384636373337223e0a20202020202020203c6f6d6764693a776179706f696e7420783d223331372e352220793d223135372e30222f3e0a20202020202020203c6f6d6764693a776179706f696e7420783d223336322e352220793d223135372e30222f3e0a2020202020203c2f62706d6e64693a42504d4e456467653e0a2020202020203c62706d6e64693a42504d4e456467652062706d6e456c656d656e743d227369642d38344242323430352d384530322d344442392d384632392d453942424230333243304439222069643d2242504d4e456467655f7369642d38344242323430352d384530322d344442392d384632392d453942424230333243304439223e0a20202020202020203c6f6d6764693a776179706f696e7420783d223431322e352220793d223139362e3939393939393939393939393937222f3e0a20202020202020203c6f6d6764693a776179706f696e7420783d223431322e352220793d223234382e3532343239303531313436323134222f3e0a20202020202020203c6f6d6764693a776179706f696e7420783d223236372e352220793d223234382e3532343239303531313436323134222f3e0a20202020202020203c6f6d6764693a776179706f696e7420783d223236372e352220793d223139372e30222f3e0a2020202020203c2f62706d6e64693a42504d4e456467653e0a202020203c2f62706d6e64693a42504d4e506c616e653e0a20203c2f62706d6e64693a42504d4e4469616772616d3e0a3c2f646566696e6974696f6e733e, '0'), ('12511', '1', '请教流程.LeaveBill.png', '12509', 0x89504e470d0a1a0a0000000d494844520000023b000001020806000000184b16a3000015b44944415478daeddd0b90d565dd07f02e567677ba5a59515ad94d9bd272eaadacb7d2511b995e9945965814850c184161527c515e8c8a904ca4042f195a8a59ed241a88dc84b80c9a9262a8d08a5c5a6e020aba80c0f3fe7fffd9b31d161616d8cb39ebe733f38ce7ec397b16cff9edfebee7799effffbcea55000000000000000000000000000000000000000000000000000000000000000000000000000000000000000000000000000000000000000000000000000000000000000000000000000000000000000000000000000000000000000000000000000000000000000000000000000000000000000000000000000000000000000000000000000000000000000000000000000000000000000000000000000000000000000000000000000000000000000000000000000000000000000000000000000000000000000000000000000000000000000000000000000000000000000000000000000000000000000000000000000000000000000000000000000000000000af6029a5236a6a6aee5eb060c1aee9d3a7a7071e78c068e3316ddab4347bf6ec0dd9e8ae2201342a8daa8545fdcc993327ad5bb72e6ddfbedd68a7b17efdfaf4e0830f3e9fd5d339feb20168541a550b8aa0ac7e4aa68eb667017a89bf6c001a9546d5826246d0eb573a23aba197fd6503d0a834aa16144b715ebb92aaa1e42f1b8046a551b5430d6ddd5c9b6a1eba353d316d783ee2727ccdebae8600342a8daaec6b68cba6d569f1fd43d33fee1bbcc788afc56d5e7b610740a3d2a8caba86563e71cf5ef55318ab9e98e4b5177600342a8daabc6b68c9cc914dd650dce6b5177600342a8daaac6b68f103c39aaca1b8cd6b2fec0068541a951a32841d008d4aa32ad51a8a4ded4dd550dce6b5177600342a8daaac6b68e9dcb14dd650dce6b5177600342a8daaac6be8b9d58fa5c553afda7b6630fb5adce6b5177600342a8daaac6b28c6330fdfb6570dc5d7bcee6a0840a3d2a8cabf86b66d4b4be7ddb0f7cc60f6b5b8cd6b2fec0068541a55d9d6509c78f2e9b9d737b9141ab73939a5b003a0516954e557435910ae5d3a233d3e654893f55318719fb8aff02cec0068541a5559d4d08142b2f0ac8600342a8daaac6ba83921797fe1592d083b001a954655d23574a8f553186a41d801d0a834aa92ae21430d01685486b063a821008d4aa3524386b003a05169546ac8107600342a8d4a0da921e01569ead4a9ff3d6edcb8eaabafbebab67ffffe3baaaaaa7677edda357dfffbdf4f7dfbf67d79f8f0e1ebc68e1d7bdf8c19334e13760c8d4a0da9a18eafb2b2f2988a8a8a7e592fb83b1b4bb3b125fa4236eab2f14c765b75f6df41713fcf16256df4e8d183860e1dba69c0800169fcf8f169c1820569f5ead5a9aeae2e85f8efba75ebd2dffffef73461c28414f7bbe28a2b5e183972e47061c7d0a8d4901aea78ce3df7dcced978a03ed4a4668e99d9f774f7ec5152468d1a75c2e5975fbe7ad0a041bb23c8ecdcb93335d7a2458bd290214352f6bdebafb9e69a93851d43a352436aa8fc6581a55336261f44c0d9d798d3a54b97e33c9b9442d0b9aa4f9f3ebb264d9a745021a7b12953a6a4789c2cf08c10760c8d4a0da9a1f255515191e594aeeb8b834b656565fae94f7f9a66cc989156ac58915e78e185fc6fff8b2fbe98af00cc9d3b375d7bedb5f97687e2efebd6addb8b66796857e3c68dfbdf7efdfaed7efae9a7534b58be7c798ac71b3d7af41861c71076d4901a2acba0735616525e2e0e39bffbddeff22d0ccdb169d3a6fcfef17dc5a1270b3c177876697343870ebd240b26bb9a5bc0cd158f178f3b6cd8b0cb841d43d8f1daa9a1b29bd169083a975c72493e8b7328e2fb060f1edc38f098e1a1edf4eeddfbd80b2fbc70474bcde8ec6b86271e3ffb453951d831841d430d95befa3d3a0d4b57575d7555c352d5a18a25ae112346345ed23adeb34d9b183060c0d3b147a735c51e9efefdfb2f17760c61c75043a5affe88ab86199dc30d3ac581a7d10ccf1ccf36ad2e0b2095975e7ae9ce1d3b76a4d69615f8ceece75d24ec18c28ea1864a3ae8742edea373a84b57fb5bd22adec363398b569725f6657178795b78ecb1c7d2c5175fbc42d831841d430d95c7ac4e6c2e6e0d77de79a7d91dda469cd9f2a28b2eda7e3887981fac380373ac0597da2f7636fe4ba3d2a8d4901a7a250499fdd56af485c2a6e4987d79eeb9e75aa517c4515a8d0e4befa42bd32afaf6ed3be4a69b6eda95da50bc4bc802d6ff95d2f3503495fa404545c5291a9546a586d4504775a05aadff0888fc3e3ffff9cf5bb51fc479788ac2ce205d995671f1c517cf8f8f80684bb164d6bf7fff874bf197bf684c6efcce47a3d2a8d4901aea4861a7a95aadffacabfcb659b366b56a3f88130f16fd3b26e9cab48af3cf3f7f6d6d6d6d9b869d38ef4e5555d5c612ffe56f78e753f823a05169546a480d75d0b0b347add67fa867feb596de98dc589c69b9e8dfb05257a65574efde7d7be1433ddb4afcbc6eddbabd5c0ebffcc5ef7c342a8daa5c6b28de60b4e6e34743bcfffefb9bbc7dcd9a35e9d1471fcd2f6fd8b0213f84b9f0efdaba75ab1a2abd5add59b8dc52879befef30f4a29f5ba72bd36a45df1e0ef383e4da659453d88906326ddab4266f8f8613d3c7dbb66d3ba8c75dbb766dfe3c6cd9b2a524c28e1a3af078e9a597d2fbdffffe74ebadb7e6d7cf3aebac74d24927358cef7ce73b7bdc7fe4c891e984134ed8e36b2b57ae4c7dfbf64d1b376eccaf3ff5d453e917bff845bedf22c6b7bffded74e49147a6d1a347377c2d6e7ff2c927f3fbc751371ffef087f3cb9ffbdce7d2af7ffdebfcf2bbdffdeef4d7bffe550d95f068eb7ea02bd35a333bdbda6966674799bcd379283e17e6d4534f3da23d1ad515575c913efde94fa7cf7ce633fb1cc71f7f7c43032a1e4f3cf1447ae31bdf98eebdf7de7d3eeeecd9b3d311471c915f1e346850fad8c73e963efef18f378c2e5dbae4b7c55118cf3efb6c8aa5ce187162c8ece94a4b972e6df85abcab8ffb99d929cd1a9a3061423ae69863d2e6cd9bf3eb9ffce427f313c4dd75d75de9ca2baf4c9d3a75dae3fe11543ef5a94f35bcfef1418f6f7ffbdbd329a79c921e7ffcf1fceb53a74e4daf7ffdeb63d9231fd9ff5f1ea2ea9742f2f18637bc214d9e3c39d5d4d4e42128fe0d8b172fce1fe7c61b6fcc1f2742d8f4e9d3f3101deff0cdec9446ad66ffdd6266870ee5bcf3ceab6d8f3d3b3d7af4d850e2bffc0d0daa709ff668543ffce10fd3d7bef6b574c71d77e42302ca8f7ffce3fc723490081ecf3fff7c438039f3cc33d377bffbdd7c1c7df4d1f93bf7b81c5f1f3f7e7c7ebf082a71399a557c4f9f3e7dd257bef295bcf1c588fb7eeb5bdfcaef7bf3cd37e73fe340a3f0d8c24e69d5502c1f4598b9edb6dbe2f3e9f290124166cc9831293e1a26befe918f7c64afb013013b66fe8e3aeaa8f4894f7c22fdfef7bfdfe33e71beac5ebd7aa565cb96a57ffdeb5ff91256d4411c7c10d7e3eb175e78615ab468511ed8dff296b7a4d7bce635e9ab5ffd6a1e76a25ea28946d889e7246a2e4295b0531ab56acf0e1d4e5555d5a4f9f3e7ef6ccbb0137f10b39f3bb5447ff9e7c799438b1b547b869d1ffce007e9b4d34e4b0f3ef8603e5ef7bad7e58d222edf7efbed7b849d98c58930148dacf138eeb8e3f2a613f7bbeebaebf277d9af7ef5abd3b1c71e9b879d68403ffad18ff2113faf1076623620c269bcf3ce026a1e8ee2dd7e7575751a3060407e396e2fcc1a083ba55543975e7a69fe3ac76cdd9bdffce6f4cf7ffe330f3b117463e62f665f0a6127c247bccb2eccecc41267fc7b63192c2ec788db0b4b98f1d8f118ef7bdffbf2e5a8a8c508d8713d96b4e2f6c2bfe30f7ff843fae8473f9a5f8e5a8bfb9e7cf2c979d8899f154b5bebd7af17764aa4561d8d458713e753183b76ec736d19767ef39bdf6c2ab5f329eceb5d7829849d78771c4b081156624493f8e0073f985ffed0873eb447d88925a6685efb7a9c981d2a849d18f107a670dff3cf3f3f6f5af12e3e4634c5ec79d863cf47dce7031ff8405ab56a55feb5689aef7ad7bbe27c49edb67fa704c34ec9d550ecadc97edff2d7fab7bffd6dfeb5081713274e6c588e2a849d98316cce2cde4f7ef293fcfe975f7e791e8c1f7ef8e1f4e73fff39bfed6f7ffb5b7e3dc272dc5ef877c49e9d77bef39df9cc61849d98958c7d401176befce52fe7cba16aa8746ad57976e870e24c99bd7af5dad4966750ce1af873e578a6ccf6083b7176d198dd295c8f77e4f3e6cdcb2fc7fe89e2b0f3a73ffd29bffd97bffce55e2366708ac3ce7df7dd972f2bc4bbeb6840c3870fdf63c4a71bc7ec512c477cf18b5fcc1b626c508d65adf8fe5b6eb9253ef6230f5db1dfa770a48d46555a35f4c8238fe4b33a9ffdec67f33a8afd3b11767af6ec996f208eb05a083b31431761f6eaabafce97aee2f2cc9933f33af9cb5ffe925f8f258d98e52b849d0830115e4e3cf1c486d99ab81e5f2f849d085131e3184b59b1497a5f7b761c8d557a7dc11994e970ba77ef3e73e1c285cfb745d059b468d196ece72d28c7e7a93dc24ee7ce9df33051d8f4198d27de4dc7e5d8e7501c76e21d7c3494f89ec6236661860c19d270b44d7cdf6b5ffbda7ccf46ec0b8a4dcab16f279a5c5c1e387060de08e28f515c8e0677c30d37a4b7bef5adf9d7a399c5725a6c8e8e77faed31bb23ec1c78c4f2511c0515b512af7f84d2083b319b129bd0bffef5af37b967a7703dfb7dcdaf375e668a30f38d6f7c233fea2f668da2a62244c7f578dc42d8899f193552bc8cd538ecc4f735b5995e0db50f9f8d45472ceace7dfaf4a96d8bd99dacb1ae2ad74fb76d8fb0f3f9cf7f3e3fca25a692634440e9dfbf7f7e39424971d88977d01158f6f538d148e6cf9f9f5f8e8da993264d6a58c68a23692ebbecb2346cd8b07c1620666c6216a0f161e971fd8c33cec8f7809c7df6d9ceb35326355458cefad5af7e95eebefbee2697b1f61576962c5992cf20c6517f5ffad297d2f2e5cb1bee3778f0e0f4def7be375fb28aba8b5a8cf013d7dff39ef7e4b737b567273623df73cf3d0d6167c48811f992ad1a2aadbee053cfe988853d2bfb03b8bc35834e7575f5caece7ccdddf9e068d6acf73dac45e9a680acd59c68a7d3611549af3d8853d3bf1bd6f7bdbdbd2f7bef7bd7c99eb0b5ff8421a3b766cbec4511c7662df4e34c1d83f14330531c3130dab70723861a7346b28424d61f3702c65c5ace03bdef18efcdc3a1168e348bd78fd63d6aef03d1164638630c2496c888fa5acd85f134b5571dfc20cccc2850bf30deb71390e298f9f113381713d9640e3f6b81c4ba1b1541a4ba911b8629631427bfcfcd80716212796bf22c0aba1d29285909985303270e0c05d2d75187a6c748f305c3cab53ae7d81f22bea4e59ca5effe4934f6e698da0f3cc33cfbc188f9f859de3cbf5396aeb4615cb4d11768a376f46f38946124d236662622f449c4030f65444038943820ff4b8b1b938de4947d889c387e31d7b34bf37bde94df95131f1d87104579c23254e0a17872cc75136d134633abb70487a34cd687ee79c734ebe3155a32abd1a8aa011cb9b1156e2faf5d75f9fcf0846a3298cb81ef7297c4fecd78a0012e7e1295eba8a3a1b356a5443a069bc37289636fffdef7fef75db1ffff8c73c38c5cfb9e69a6bf2cdc971eea6b82d827504aedebd7be787c9aba1d2eb0bd9585f08255968dd7db88127824efcfd290a3a5bcab92f50862a2a2aba565555ad59bb76edb6960c3af178d9e3ae2df769cab66e54112022d014aec7c91863092b9624621f450494c29131f10e3b4e14d79cc78d2367626fce79e79d974f23c7b950e2b163ffce05175c90cff29c7efae979b38b9f15fb3b627f4ee32617fb7562af46fc3be29dbd4655bacb5886b073387da1b059b97e8667f7a12e69c5f7359ad1b17c45bb25f99e3d7af4a85db264c98696083a3535351be2f1b25f98cbcafdb9d1a8342a35a4865ea97da138f074ebd66d77ccf2c61ba0e61e75159b918bf7e8c4e8087d81324ff259dade3061c284470f67d3f2c48913ff91fd52ac8d5f948ef0bc68541a951a5243afe4be908d4dc56125c24becb58a130fc6ac4d61892b96aae2ccc8b1373096c4e354078dced8bca5a3f405ca3fc9778a430fabaaaa96cd9b376ff1c1849c850b173ed5ab57afc5b1e9ac23adc56a541a951a5243fac27f0e493fc431c71e1d4ab1b8cf89e2eedebdfbea61c386cd9b3973e623ab327575755beb3fd4736b6d6dedca2c10fde3673ffbd99c1e3d7aac88628ed4ded176d76b541a951a5243fca72f142f6d3527e474c4be40071367d4cc8a7b40fd67a63c139f4e5bf894daf8f0b6f84c9338d577473e03a646a551a9213584be001d9a46a551a921350420ec181a951a524300c28e21ec186a0840a332841d430d0168541a951a32841d008d4aa3524386b003a05169546a480d01083b1a9546a586d41080b06368546a480d01083b86b063a821008dca10760c3504a05169546ac8107600342a8d4a0d19c20e8046a551a921350420ec68541a951a524300c28ea151a921350420ec18c28ea18600342a43d831d4108046a551a92143d801d0a8342a3564083b001a9546d5faa64f9feeb52b9d5197d5d0cbfeb20168541a550b9a3d7b76edba75ebbc7e253056af5e3d31aba125feb20168541a550b9a3163c6d9b366cddabc76edda97bc8eed1794a37ea64d9bf66c36cef1970d40a3d2a85a58f6ef3e2b0b6a0fc5cc542cc595e3a8aeae4ee5fa6faf7fde97083a001db451dd79e79da96bd7ae1a15872c0bfbff3366cc98a8a34e9e0d004a4ed6a02645d839f5d4538ff06c70b0524a476edcb8715326f5eeddfb5ecf080025a5a2a2e2942ce8bc1c61e7dc73cf3ddd33c2c15ab972e5eda9debc79f3566775d4d9b3024029859dea083af5e321cf080763ebd6ad27eedab56b772a3262c488953d7bf63ccab30340bbcbc2cd4985599dc2c8c2cf599e199a6bcd9a3535a991cd9b37afa9acacbcceb3034029849d49c541a730bb63ef0ecdb162c58aa1a909d5d5d56b224c7b960068cfa0b3d7ac4e61d873c1816479e6e86ddbb6ed682aececdebd7bfbc081031f139c0168cfb033795f41a77eccf70cb13fab56ad9a9f0ea0a6a66665169c0778b600688fa0d3e4ac8ebd3b34c7dcb9730f9475525d5dddaca8a59e3d7b1ee91903a0adc3cea4fd051d47667120575e7965dffd2d6345d6193264c85d66760028a500943c0b1c8c8913273ed554d259b66cd9b8580eb56707006187b2d5a54b97e3b25053b78fcdc98b2b2b2b173b1a0b006187b2376ad4a8ebb370b3ab38ecdc7cf3cdb75454545cebd90140d8a1ecc532d5942953d6159d50f08eac96963a833200c20e1d46bf7efdbeb969d3a66df51f043acd799a001076e870c68f1f3f79cc983171ca826acf0600c20e1d4e2c5b450dc5a665cf0600c20e6a0800342ad410006854a82100d0a8504300a051a18600d0a8400d01a051a1860040a3420d018046851a02008d0a3504001a156a0800342ad410001a15a82100342ad410006854a82100d0a8504300a051a1860040a3420d01a0516954a82100342a5043006854a82100d0a8504300a051a1860040a3420d018046851a0240a3d2a85043006854a08600d0a8504300a051a1860040a3420d018046851a02008d0a35048046a551a18600d0a8400d0150b68dca300e77f84d0200000000000000000000000000000000000000a0d9fe1fde31e90f44aa0a800000000049454e44ae426082, '1'), ('2', '10', 'source', null, 0x7b227265736f757263654964223a2231222c2270726f70657274696573223a7b2270726f636573735f6964223a224c6561766542696c6c222c226e616d65223a224c6561766542696c6c222c22646f63756d656e746174696f6e223a22222c2270726f636573735f617574686f72223a226d6164652062792070696778222c2270726f636573735f76657273696f6e223a22222c2270726f636573735f6e616d657370616365223a22687474703a2f2f7777772e61637469766974692e6f72672f70726f63657373646566222c22657865637574696f6e6c697374656e657273223a22222c226576656e746c697374656e657273223a22222c227369676e616c646566696e6974696f6e73223a22222c226d657373616765646566696e6974696f6e73223a22227d2c227374656e63696c223a7b226964223a2242504d4e4469616772616d227d2c226368696c64536861706573223a5b7b227265736f757263654964223a227369642d33414335453536332d453645332d343737372d423434362d303437364438383443313144222c2270726f70657274696573223a7b226f766572726964656964223a227374617274222c226e616d65223a22e5bc80e5a78b222c22646f63756d656e746174696f6e223a22222c22657865637574696f6e6c697374656e657273223a22222c22696e69746961746f72223a22222c22666f726d6b6579646566696e6974696f6e223a22222c22666f726d70726f70657274696573223a22227d2c227374656e63696c223a7b226964223a2253746172744e6f6e654576656e74227d2c226368696c64536861706573223a5b5d2c226f7574676f696e67223a5b7b227265736f757263654964223a227369642d32424346433631362d374438412d343134312d414633462d384143313845413130304446227d5d2c22626f756e6473223a7b226c6f7765725269676874223a7b2278223a37352c2279223a3131352e30303030303030303030303030337d2c2275707065724c656674223a7b2278223a34352c2279223a38352e30303030303030303030303030337d7d2c22646f636b657273223a5b5d7d2c7b227265736f757263654964223a227369642d38433845373242432d353330322d343041372d413031372d303445423946413931364441222c2270726f70657274696573223a7b226f766572726964656964223a2275736572222c226e616d65223a22e794a8e688b7e68f90e4baa4222c22646f63756d656e746174696f6e223a22222c226173796e6368726f6e6f7573646566696e6974696f6e223a2266616c7365222c226578636c7573697665646566696e6974696f6e223a2266616c7365222c22657865637574696f6e6c697374656e657273223a6e756c6c2c226d756c7469696e7374616e63655f74797065223a224e6f6e65222c226d756c7469696e7374616e63655f63617264696e616c697479223a22222c226d756c7469696e7374616e63655f636f6c6c656374696f6e223a22222c226d756c7469696e7374616e63655f7661726961626c65223a22222c226d756c7469696e7374616e63655f636f6e646974696f6e223a22222c226973666f72636f6d70656e736174696f6e223a2266616c7365222c22757365727461736b61737369676e6d656e74223a22222c22666f726d6b6579646566696e6974696f6e223a22222c2264756564617465646566696e6974696f6e223a22222c227072696f72697479646566696e6974696f6e223a22222c22666f726d70726f70657274696573223a22222c227461736b6c697374656e657273223a7b227461736b4c697374656e657273223a5b7b226576656e74223a22637265617465222c22696d706c656d656e746174696f6e223a22636f6d2e70696734636c6f75642e706967782e6163742e6c697374656e65722e4c6561766550726f636573735461736b4c697374656e6572222c22636c6173734e616d65223a22636f6d2e70696734636c6f75642e706967782e6163742e6c697374656e65722e4c6561766550726f636573735461736b4c697374656e6572222c2265787072657373696f6e223a22222c2264656c656761746545787072657373696f6e223a22227d5d7d7d2c227374656e63696c223a7b226964223a22557365725461736b227d2c226368696c64536861706573223a5b5d2c226f7574676f696e67223a5b7b227265736f757263654964223a227369642d45464334383546312d414543392d343536392d423430312d443136444535384636373337227d5d2c22626f756e6473223a7b226c6f7765725269676874223a7b2278223a3232302c2279223a3134302e30303030303030303030303030337d2c2275707065724c656674223a7b2278223a3132302c2279223a36302e30303030303030303030303030337d7d2c22646f636b657273223a5b5d7d2c7b227265736f757263654964223a227369642d33354144463030362d353743302d343745302d394235422d414634323445304137453445222c2270726f70657274696573223a7b226f766572726964656964223a22706d222c226e616d65223a22e7bb84e995bfe5aea1e689b9222c22646f63756d656e746174696f6e223a22222c226173796e6368726f6e6f7573646566696e6974696f6e223a2266616c7365222c226578636c7573697665646566696e6974696f6e223a2266616c7365222c22657865637574696f6e6c697374656e657273223a6e756c6c2c226d756c7469696e7374616e63655f74797065223a224e6f6e65222c226d756c7469696e7374616e63655f63617264696e616c697479223a22222c226d756c7469696e7374616e63655f636f6c6c656374696f6e223a22222c226d756c7469696e7374616e63655f7661726961626c65223a22222c226d756c7469696e7374616e63655f636f6e646974696f6e223a22222c226973666f72636f6d70656e736174696f6e223a2266616c7365222c22757365727461736b61737369676e6d656e74223a22222c22666f726d6b6579646566696e6974696f6e223a22222c2264756564617465646566696e6974696f6e223a22222c227072696f72697479646566696e6974696f6e223a22222c22666f726d70726f70657274696573223a22222c227461736b6c697374656e657273223a7b227461736b4c697374656e657273223a5b7b226576656e74223a22637265617465222c22696d706c656d656e746174696f6e223a22636f6d2e70696734636c6f75642e706967782e6163742e6c697374656e65722e4c6561766550726f636573735461736b4c697374656e6572222c22636c6173734e616d65223a22636f6d2e70696734636c6f75642e706967782e6163742e6c697374656e65722e4c6561766550726f636573735461736b4c697374656e6572222c2265787072657373696f6e223a22222c2264656c656761746545787072657373696f6e223a22227d5d7d7d2c227374656e63696c223a7b226964223a22557365725461736b227d2c226368696c64536861706573223a5b5d2c226f7574676f696e67223a5b7b227265736f757263654964223a227369642d38344242323430352d384530322d344442392d384632392d453942424230333243304439227d2c7b227265736f757263654964223a227369642d35344233354332332d303138422d344642412d393643322d374546343544303134444444227d5d2c22626f756e6473223a7b226c6f7765725269676874223a7b2278223a3336352c2279223a3134302e30303030303030303030303030337d2c2275707065724c656674223a7b2278223a3236352c2279223a36307d7d2c22646f636b657273223a5b5d7d2c7b227265736f757263654964223a227369642d32424346433631362d374438412d343134312d414633462d384143313845413130304446222c2270726f70657274696573223a7b226f766572726964656964223a22222c226e616d65223a22222c22646f63756d656e746174696f6e223a22222c22636f6e646974696f6e73657175656e6365666c6f77223a22222c22657865637574696f6e6c697374656e657273223a6e756c6c2c2264656661756c74666c6f77223a2266616c7365227d2c227374656e63696c223a7b226964223a2253657175656e6365466c6f77227d2c226368696c64536861706573223a5b5d2c226f7574676f696e67223a5b7b227265736f757263654964223a227369642d38433845373242432d353330322d343041372d413031372d303445423946413931364441227d5d2c22626f756e6473223a7b226c6f7765725269676874223a7b2278223a3131392e31353632352c2279223a3130302e30303030303030303030303030337d2c2275707065724c656674223a7b2278223a37352e3630393337352c2279223a3130302e30303030303030303030303030337d7d2c22646f636b657273223a5b7b2278223a31352c2279223a31357d2c7b2278223a35302c2279223a34307d5d2c22746172676574223a7b227265736f757263654964223a227369642d38433845373242432d353330322d343041372d413031372d303445423946413931364441227d7d2c7b227265736f757263654964223a227369642d45464334383546312d414543392d343536392d423430312d443136444535384636373337222c2270726f70657274696573223a7b226f766572726964656964223a22222c226e616d65223a22e5aea1e689b9222c22646f63756d656e746174696f6e223a22222c22636f6e646974696f6e73657175656e6365666c6f77223a22222c22657865637574696f6e6c697374656e657273223a6e756c6c2c2264656661756c74666c6f77223a2266616c7365227d2c227374656e63696c223a7b226964223a2253657175656e6365466c6f77227d2c226368696c64536861706573223a5b5d2c226f7574676f696e67223a5b7b227265736f757263654964223a227369642d33354144463030362d353743302d343745302d394235422d414634323445304137453445227d5d2c22626f756e6473223a7b226c6f7765725269676874223a7b2278223a3236342e31353632352c2279223a3130302e30303030303030303030303030337d2c2275707065724c656674223a7b2278223a3232302e38343337352c2279223a3130302e30303030303030303030303030337d7d2c22646f636b657273223a5b7b2278223a35302c2279223a34307d2c7b2278223a35302c2279223a34302e3030303030303030303030303031347d5d2c22746172676574223a7b227265736f757263654964223a227369642d33354144463030362d353743302d343745302d394235422d414634323445304137453445227d7d2c7b227265736f757263654964223a227369642d38344242323430352d384530322d344442392d384632392d453942424230333243304439222c2270726f70657274696573223a7b226f766572726964656964223a22222c226e616d65223a22e9a9b3e59b9e222c22646f63756d656e746174696f6e223a22222c22636f6e646974696f6e73657175656e6365666c6f77223a22247b666c61672e657175616c732827e9a9b3e59b9e27297d222c22657865637574696f6e6c697374656e657273223a22222c2264656661756c74666c6f77223a2266616c7365222c2273686f776469616d6f6e646d61726b6572223a66616c73657d2c227374656e63696c223a7b226964223a2253657175656e6365466c6f77227d2c226368696c64536861706573223a5b5d2c226f7574676f696e67223a5b7b227265736f757263654964223a227369642d38433845373242432d353330322d343041372d413031372d303445423946413931364441227d5d2c22626f756e6473223a7b226c6f7765725269676874223a7b2278223a3331352c2279223a3139312e35323432393035313134363231377d2c2275707065724c656674223a7b2278223a3137302c2279223a3134302e333236383433353739313433397d7d2c22646f636b657273223a5b7b2278223a35302c2279223a34302e3030303030303030303030303031347d2c7b2278223a3331352c2279223a3139312e35323432393035313134363231377d2c7b2278223a3137302c2279223a3139312e35323432393035313134363231377d2c7b2278223a35302c2279223a37397d5d2c22746172676574223a7b227265736f757263654964223a227369642d38433845373242432d353330322d343041372d413031372d303445423946413931364441227d7d2c7b227265736f757263654964223a227369642d37443342413043432d304531342d343031412d393937422d453542353737393844363030222c2270726f70657274696573223a7b226f766572726964656964223a22222c226e616d65223a22222c22646f63756d656e746174696f6e223a22222c226173796e6368726f6e6f7573646566696e6974696f6e223a2266616c7365222c226578636c7573697665646566696e6974696f6e223a2266616c7365222c2273657175656e6365666c6f776f72646572223a22227d2c227374656e63696c223a7b226964223a224578636c757369766547617465776179227d2c226368696c64536861706573223a5b5d2c226f7574676f696e67223a5b7b227265736f757263654964223a227369642d42304144324538452d363634312d343437322d394431332d463838324441334146394435227d2c7b227265736f757263654964223a227369642d41443932373633302d373545442d344437372d383743462d454430333330373345414336227d5d2c22626f756e6473223a7b226c6f7765725269676874223a7b2278223a3435302c2279223a3132302e30303030303030303030303030337d2c2275707065724c656674223a7b2278223a3431302c2279223a38302e30303030303030303030303030337d7d2c22646f636b657273223a5b5d7d2c7b227265736f757263654964223a227369642d44313931444237442d313042382d344145372d383238342d453039333132383732333743222c2270726f70657274696573223a7b226f766572726964656964223a22222c226e616d65223a22e7bb8fe79086e5aea1e689b9222c22646f63756d656e746174696f6e223a22222c226173796e6368726f6e6f7573646566696e6974696f6e223a2266616c7365222c226578636c7573697665646566696e6974696f6e223a2266616c7365222c22657865637574696f6e6c697374656e657273223a22222c226d756c7469696e7374616e63655f74797065223a224e6f6e65222c226d756c7469696e7374616e63655f63617264696e616c697479223a22222c226d756c7469696e7374616e63655f636f6c6c656374696f6e223a22222c226d756c7469696e7374616e63655f7661726961626c65223a22222c226d756c7469696e7374616e63655f636f6e646974696f6e223a22222c226973666f72636f6d70656e736174696f6e223a2266616c7365222c22757365727461736b61737369676e6d656e74223a22222c22666f726d6b6579646566696e6974696f6e223a22222c2264756564617465646566696e6974696f6e223a22222c227072696f72697479646566696e6974696f6e223a22222c22666f726d70726f70657274696573223a22222c227461736b6c697374656e657273223a7b227461736b4c697374656e657273223a5b7b226576656e74223a22637265617465222c22696d706c656d656e746174696f6e223a22636f6d2e70696734636c6f75642e706967782e6163742e6c697374656e65722e4c6561766550726f636573735461736b4c697374656e6572222c22636c6173734e616d65223a22636f6d2e70696734636c6f75642e706967782e6163742e6c697374656e65722e4c6561766550726f636573735461736b4c697374656e6572222c2265787072657373696f6e223a22222c2264656c656761746545787072657373696f6e223a22227d5d7d7d2c227374656e63696c223a7b226964223a22557365725461736b227d2c226368696c64536861706573223a5b5d2c226f7574676f696e67223a5b7b227265736f757263654964223a227369642d30334436303037342d303738332d344333422d384345302d373342343345464335313830227d2c7b227265736f757263654964223a227369642d36314637383245322d304132452d343144322d383042372d383136304139324441433939227d5d2c22626f756e6473223a7b226c6f7765725269676874223a7b2278223a3539352c2279223a3134302e30303030303030303030303030337d2c2275707065724c656674223a7b2278223a3439352c2279223a36307d7d2c22646f636b657273223a5b5d7d2c7b227265736f757263654964223a227369642d41313341394141382d434338462d344233332d383136362d454637373537463641424442222c2270726f70657274696573223a7b226f766572726964656964223a22222c226e616d65223a22e4babae58a9be68aa5e5a487222c22646f63756d656e746174696f6e223a22222c226173796e6368726f6e6f7573646566696e6974696f6e223a2266616c7365222c226578636c7573697665646566696e6974696f6e223a2266616c7365222c22657865637574696f6e6c697374656e657273223a22222c226d756c7469696e7374616e63655f74797065223a224e6f6e65222c226d756c7469696e7374616e63655f63617264696e616c697479223a22222c226d756c7469696e7374616e63655f636f6c6c656374696f6e223a22222c226d756c7469696e7374616e63655f7661726961626c65223a22222c226d756c7469696e7374616e63655f636f6e646974696f6e223a22222c226973666f72636f6d70656e736174696f6e223a2266616c7365222c22757365727461736b61737369676e6d656e74223a22222c22666f726d6b6579646566696e6974696f6e223a22222c2264756564617465646566696e6974696f6e223a22222c227072696f72697479646566696e6974696f6e223a22222c22666f726d70726f70657274696573223a22222c227461736b6c697374656e657273223a7b227461736b4c697374656e657273223a5b7b226576656e74223a22637265617465222c22696d706c656d656e746174696f6e223a22636f6d2e70696734636c6f75642e706967782e6163742e6c697374656e65722e4c6561766550726f636573735461736b4c697374656e6572222c22636c6173734e616d65223a22636f6d2e70696734636c6f75642e706967782e6163742e6c697374656e65722e4c6561766550726f636573735461736b4c697374656e6572222c2265787072657373696f6e223a22222c2264656c656761746545787072657373696f6e223a22227d5d7d7d2c227374656e63696c223a7b226964223a22557365725461736b227d2c226368696c64536861706573223a5b5d2c226f7574676f696e67223a5b7b227265736f757263654964223a227369642d42303041324138322d334131352d343934352d423430312d384445344444383732413838227d5d2c22626f756e6473223a7b226c6f7765725269676874223a7b2278223a3734302c2279223a3134302e30303030303030303030303030337d2c2275707065724c656674223a7b2278223a3634302c2279223a36307d7d2c22646f636b657273223a5b5d7d2c7b227265736f757263654964223a227369642d42413736454331462d423735452d344632382d423839382d464530363636423638314246222c2270726f70657274696573223a7b226f766572726964656964223a22222c226e616d65223a22222c22646f63756d656e746174696f6e223a22222c22657865637574696f6e6c697374656e657273223a22227d2c227374656e63696c223a7b226964223a22456e644e6f6e654576656e74227d2c226368696c64536861706573223a5b5d2c226f7574676f696e67223a5b5d2c22626f756e6473223a7b226c6f7765725269676874223a7b2278223a3831332c2279223a3131342e30303030303030303030303030337d2c2275707065724c656674223a7b2278223a3738352c2279223a38367d7d2c22646f636b657273223a5b5d7d2c7b227265736f757263654964223a227369642d35344233354332332d303138422d344642412d393643322d374546343544303134444444222c2270726f70657274696573223a7b226f766572726964656964223a22222c226e616d65223a22e5aea1e689b9222c22646f63756d656e746174696f6e223a22222c22636f6e646974696f6e73657175656e6365666c6f77223a22222c22657865637574696f6e6c697374656e657273223a22222c2264656661756c74666c6f77223a2266616c7365227d2c227374656e63696c223a7b226964223a2253657175656e6365466c6f77227d2c226368696c64536861706573223a5b5d2c226f7574676f696e67223a5b7b227265736f757263654964223a227369642d37443342413043432d304531342d343031412d393937422d453542353737393844363030227d5d2c22626f756e6473223a7b226c6f7765725269676874223a7b2278223a3430392e36343834343638373030303735352c2279223a3130302e34303937333335333632333338337d2c2275707065724c656674223a7b2278223a3336352e36323838393638373939393234352c2279223a3130302e32313931373237313337363632337d7d2c22646f636b657273223a5b7b2278223a35302c2279223a34302e3030303030303030303030303031347d2c7b2278223a32302e352c2279223a32302e357d5d2c22746172676574223a7b227265736f757263654964223a227369642d37443342413043432d304531342d343031412d393937422d453542353737393844363030227d7d2c7b227265736f757263654964223a227369642d30334436303037342d303738332d344333422d384345302d373342343345464335313830222c2270726f70657274696573223a7b226f766572726964656964223a22222c226e616d65223a22e5aea1e689b9222c22646f63756d656e746174696f6e223a22222c22636f6e646974696f6e73657175656e6365666c6f77223a22222c22657865637574696f6e6c697374656e657273223a22222c2264656661756c74666c6f77223a2266616c7365227d2c227374656e63696c223a7b226964223a2253657175656e6365466c6f77227d2c226368696c64536861706573223a5b5d2c226f7574676f696e67223a5b7b227265736f757263654964223a227369642d41313341394141382d434338462d344233332d383136362d454637373537463641424442227d5d2c22626f756e6473223a7b226c6f7765725269676874223a7b2278223a3633392e31353632352c2279223a3130302e30303030303030303030303030317d2c2275707065724c656674223a7b2278223a3539352e38343337352c2279223a3130302e30303030303030303030303030317d7d2c22646f636b657273223a5b7b2278223a35302c2279223a34302e3030303030303030303030303031347d2c7b2278223a35302c2279223a34302e3030303030303030303030303031347d5d2c22746172676574223a7b227265736f757263654964223a227369642d41313341394141382d434338462d344233332d383136362d454637373537463641424442227d7d2c7b227265736f757263654964223a227369642d42303041324138322d334131352d343934352d423430312d384445344444383732413838222c2270726f70657274696573223a7b226f766572726964656964223a22222c226e616d65223a22e5aea1e689b9222c22646f63756d656e746174696f6e223a22222c22636f6e646974696f6e73657175656e6365666c6f77223a22222c22657865637574696f6e6c697374656e657273223a22222c2264656661756c74666c6f77223a2266616c7365227d2c227374656e63696c223a7b226964223a2253657175656e6365466c6f77227d2c226368696c64536861706573223a5b5d2c226f7574676f696e67223a5b7b227265736f757263654964223a227369642d42413736454331462d423735452d344632382d423839382d464530363636423638314246227d5d2c22626f756e6473223a7b226c6f7765725269676874223a7b2278223a3738342e3337352c2279223a3130302e30303030303030303030303030317d2c2275707065724c656674223a7b2278223a3734302e3339303632352c2279223a3130302e30303030303030303030303030317d7d2c22646f636b657273223a5b7b2278223a35302c2279223a34302e3030303030303030303030303031347d2c7b2278223a31342c2279223a31342e3030303030303030303030303031367d5d2c22746172676574223a7b227265736f757263654964223a227369642d42413736454331462d423735452d344632382d423839382d464530363636423638314246227d7d2c7b227265736f757263654964223a227369642d41443932373633302d373545442d344437372d383743462d454430333330373345414336222c2270726f70657274696573223a7b226f766572726964656964223a22222c226e616d65223a22222c22646f63756d656e746174696f6e223a22222c22636f6e646974696f6e73657175656e6365666c6f77223a22247b646179733c3d31307d222c22657865637574696f6e6c697374656e657273223a22222c2264656661756c74666c6f77223a2266616c7365222c2273686f776469616d6f6e646d61726b6572223a66616c73657d2c227374656e63696c223a7b226964223a2253657175656e6365466c6f77227d2c226368696c64536861706573223a5b5d2c226f7574676f696e67223a5b7b227265736f757263654964223a227369642d41313341394141382d434338462d344233332d383136362d454637373537463641424442227d5d2c22626f756e6473223a7b226c6f7765725269676874223a7b2278223a3639302c2279223a3139322e30303030303030303030303030337d2c2275707065724c656674223a7b2278223a3433302e352c2279223a3132302e30383539333735303030303030337d7d2c22646f636b657273223a5b7b2278223a32302e352c2279223a32302e357d2c7b2278223a3433302e352c2279223a3139322e30303030303030303030303030337d2c7b2278223a3639302c2279223a3139322e30303030303030303030303030337d2c7b2278223a35302c2279223a37392e30303030303030303030303030367d5d2c22746172676574223a7b227265736f757263654964223a227369642d41313341394141382d434338462d344233332d383136362d454637373537463641424442227d7d2c7b227265736f757263654964223a227369642d42304144324538452d363634312d343437322d394431332d463838324441334146394435222c2270726f70657274696573223a7b226f766572726964656964223a22222c226e616d65223a22222c22646f63756d656e746174696f6e223a22222c22636f6e646974696f6e73657175656e6365666c6f77223a22247b646179733e31307d222c22657865637574696f6e6c697374656e657273223a22222c2264656661756c74666c6f77223a2266616c7365227d2c227374656e63696c223a7b226964223a2253657175656e6365466c6f77227d2c226368696c64536861706573223a5b5d2c226f7574676f696e67223a5b7b227265736f757263654964223a227369642d44313931444237442d313042382d344145372d383238342d453039333132383732333743227d5d2c22626f756e6473223a7b226c6f7765725269676874223a7b2278223a3439342e38303037393037383433383831342c2279223a3130302e34313336303139373934303738347d2c2275707065724c656674223a7b2278223a3435302e32383531343637313536313138362c2279223a3130302e32313932313035323035393232317d7d2c22646f636b657273223a5b7b2278223a32302e352c2279223a32302e357d2c7b2278223a35302c2279223a34302e3030303030303030303030303031347d5d2c22746172676574223a7b227265736f757263654964223a227369642d44313931444237442d313042382d344145372d383238342d453039333132383732333743227d7d2c7b227265736f757263654964223a227369642d36314637383245322d304132452d343144322d383042372d383136304139324441433939222c2270726f70657274696573223a7b226f766572726964656964223a22222c226e616d65223a22e9a9b3e59b9e222c22646f63756d656e746174696f6e223a22222c22636f6e646974696f6e73657175656e6365666c6f77223a22247b666c61672e657175616c732827e9a9b3e59b9e27297d222c22657865637574696f6e6c697374656e657273223a22222c2264656661756c74666c6f77223a2266616c7365222c2273686f776469616d6f6e646d61726b6572223a66616c73657d2c227374656e63696c223a7b226964223a2253657175656e6365466c6f77227d2c226368696c64536861706573223a5b5d2c226f7574676f696e67223a5b7b227265736f757263654964223a227369642d38433845373242432d353330322d343041372d413031372d303445423946413931364441227d5d2c22626f756e6473223a7b226c6f7765725269676874223a7b2278223a3534352c2279223a36302e30303030303030303030303030337d2c2275707065724c656674223a7b2278223a3137302c2279223a32397d7d2c22646f636b657273223a5b7b2278223a35302c2279223a317d2c7b2278223a3534352c2279223a32397d2c7b2278223a3137302c2279223a32397d2c7b2278223a35302c2279223a317d5d2c22746172676574223a7b227265736f757263654964223a227369642d38433845373242432d353330322d343041372d413031372d303445423946413931364441227d7d5d2c22626f756e6473223a7b226c6f7765725269676874223a7b2278223a313030302c2279223a313035307d2c2275707065724c656674223a7b2278223a302c2279223a307d7d2c227374656e63696c736574223a7b2275726c223a227374656e63696c736574732f62706d6e322e302f62706d6e322e302e6a736f6e222c226e616d657370616365223a22687474703a2f2f62336d6e2e6f72672f7374656e63696c7365742f62706d6e322e3023227d2c227373657874656e73696f6e73223a5b5d7d, null), ('25002', '1', '请假流程.bpmn20.xml', '25001', 0x3c3f786d6c2076657273696f6e3d27312e302720656e636f64696e673d275554462d38273f3e0a3c646566696e6974696f6e7320786d6c6e733d22687474703a2f2f7777772e6f6d672e6f72672f737065632f42504d4e2f32303130303532342f4d4f44454c2220786d6c6e733a7873693d22687474703a2f2f7777772e77332e6f72672f323030312f584d4c536368656d612d696e7374616e63652220786d6c6e733a7873643d22687474703a2f2f7777772e77332e6f72672f323030312f584d4c536368656d612220786d6c6e733a61637469766974693d22687474703a2f2f61637469766974692e6f72672f62706d6e2220786d6c6e733a62706d6e64693d22687474703a2f2f7777772e6f6d672e6f72672f737065632f42504d4e2f32303130303532342f44492220786d6c6e733a6f6d6764633d22687474703a2f2f7777772e6f6d672e6f72672f737065632f44442f32303130303532342f44432220786d6c6e733a6f6d6764693d22687474703a2f2f7777772e6f6d672e6f72672f737065632f44442f32303130303532342f44492220747970654c616e67756167653d22687474703a2f2f7777772e77332e6f72672f323030312f584d4c536368656d61222065787072657373696f6e4c616e67756167653d22687474703a2f2f7777772e77332e6f72672f313939392f585061746822207461726765744e616d6573706163653d22687474703a2f2f7777772e61637469766974692e6f72672f70726f63657373646566223e0a20203c70726f636573732069643d224c6561766542696c6c22206e616d653d224c6561766542696c6c2220697345786563757461626c653d2274727565223e0a202020203c73746172744576656e742069643d22737461727422206e616d653d22e5bc80e5a78b222f3e0a202020203c757365725461736b2069643d227573657222206e616d653d22e794a8e688b7e68f90e4baa4223e0a2020202020203c657874656e73696f6e456c656d656e74733e0a20202020202020203c61637469766974693a7461736b4c697374656e6572206576656e743d226372656174652220636c6173733d22636f6d2e70696734636c6f75642e706967782e6163742e6c697374656e65722e4c6561766550726f636573735461736b4c697374656e6572222f3e0a2020202020203c2f657874656e73696f6e456c656d656e74733e0a202020203c2f757365725461736b3e0a202020203c757365725461736b2069643d22706d22206e616d653d22e7bb84e995bfe5aea1e689b9223e0a2020202020203c657874656e73696f6e456c656d656e74733e0a20202020202020203c61637469766974693a7461736b4c697374656e6572206576656e743d226372656174652220636c6173733d22636f6d2e70696734636c6f75642e706967782e6163742e6c697374656e65722e4c6561766550726f636573735461736b4c697374656e6572222f3e0a2020202020203c2f657874656e73696f6e456c656d656e74733e0a202020203c2f757365725461736b3e0a202020203c73657175656e6365466c6f772069643d227369642d32424346433631362d374438412d343134312d414633462d3841433138454131303044462220736f757263655265663d22737461727422207461726765745265663d2275736572222f3e0a202020203c73657175656e6365466c6f772069643d227369642d45464334383546312d414543392d343536392d423430312d44313644453538463637333722206e616d653d22e5aea1e689b92220736f757263655265663d227573657222207461726765745265663d22706d222f3e0a202020203c73657175656e6365466c6f772069643d227369642d38344242323430352d384530322d344442392d384632392d45394242423033324330443922206e616d653d22e9a9b3e59b9e2220736f757263655265663d22706d22207461726765745265663d2275736572223e0a2020202020203c636f6e646974696f6e45787072657373696f6e207873693a747970653d2274466f726d616c45787072657373696f6e223e3c215b43444154415b247b666c61672e657175616c732827e9a9b3e59b9e27297d5d5d3e3c2f636f6e646974696f6e45787072657373696f6e3e0a202020203c2f73657175656e6365466c6f773e0a202020203c6578636c7573697665476174657761792069643d227369642d37443342413043432d304531342d343031412d393937422d453542353737393844363030222f3e0a202020203c757365725461736b2069643d227369642d44313931444237442d313042382d344145372d383238342d45303933313238373233374322206e616d653d22e7bb8fe79086e5aea1e689b9223e0a2020202020203c657874656e73696f6e456c656d656e74733e0a20202020202020203c61637469766974693a7461736b4c697374656e6572206576656e743d226372656174652220636c6173733d22636f6d2e70696734636c6f75642e706967782e6163742e6c697374656e65722e4c6561766550726f636573735461736b4c697374656e6572222f3e0a2020202020203c2f657874656e73696f6e456c656d656e74733e0a202020203c2f757365725461736b3e0a202020203c757365725461736b2069643d227369642d41313341394141382d434338462d344233332d383136362d45463737353746364142444222206e616d653d22e4babae58a9be68aa5e5a487223e0a2020202020203c657874656e73696f6e456c656d656e74733e0a20202020202020203c61637469766974693a7461736b4c697374656e6572206576656e743d226372656174652220636c6173733d22636f6d2e70696734636c6f75642e706967782e6163742e6c697374656e65722e4c6561766550726f636573735461736b4c697374656e6572222f3e0a2020202020203c2f657874656e73696f6e456c656d656e74733e0a202020203c2f757365725461736b3e0a202020203c656e644576656e742069643d227369642d42413736454331462d423735452d344632382d423839382d464530363636423638314246222f3e0a202020203c73657175656e6365466c6f772069643d227369642d35344233354332332d303138422d344642412d393643322d37454634354430313444444422206e616d653d22e5aea1e689b92220736f757263655265663d22706d22207461726765745265663d227369642d37443342413043432d304531342d343031412d393937422d453542353737393844363030222f3e0a202020203c73657175656e6365466c6f772069643d227369642d30334436303037342d303738332d344333422d384345302d37334234334546433531383022206e616d653d22e5aea1e689b92220736f757263655265663d227369642d44313931444237442d313042382d344145372d383238342d45303933313238373233374322207461726765745265663d227369642d41313341394141382d434338462d344233332d383136362d454637373537463641424442222f3e0a202020203c73657175656e6365466c6f772069643d227369642d42303041324138322d334131352d343934352d423430312d38444534444438373241383822206e616d653d22e5aea1e689b92220736f757263655265663d227369642d41313341394141382d434338462d344233332d383136362d45463737353746364142444222207461726765745265663d227369642d42413736454331462d423735452d344632382d423839382d464530363636423638314246222f3e0a202020203c73657175656e6365466c6f772069643d227369642d41443932373633302d373545442d344437372d383743462d4544303333303733454143362220736f757263655265663d227369642d37443342413043432d304531342d343031412d393937422d45354235373739384436303022207461726765745265663d227369642d41313341394141382d434338462d344233332d383136362d454637373537463641424442223e0a2020202020203c636f6e646974696f6e45787072657373696f6e207873693a747970653d2274466f726d616c45787072657373696f6e223e3c215b43444154415b247b646179733c3d31307d5d5d3e3c2f636f6e646974696f6e45787072657373696f6e3e0a202020203c2f73657175656e6365466c6f773e0a202020203c73657175656e6365466c6f772069643d227369642d42304144324538452d363634312d343437322d394431332d4638383244413341463944352220736f757263655265663d227369642d37443342413043432d304531342d343031412d393937422d45354235373739384436303022207461726765745265663d227369642d44313931444237442d313042382d344145372d383238342d453039333132383732333743223e0a2020202020203c636f6e646974696f6e45787072657373696f6e207873693a747970653d2274466f726d616c45787072657373696f6e223e3c215b43444154415b247b646179733e31307d5d5d3e3c2f636f6e646974696f6e45787072657373696f6e3e0a202020203c2f73657175656e6365466c6f773e0a202020203c73657175656e6365466c6f772069643d227369642d36314637383245322d304132452d343144322d383042372d38313630413932444143393922206e616d653d22e9a9b3e59b9e2220736f757263655265663d227369642d44313931444237442d313042382d344145372d383238342d45303933313238373233374322207461726765745265663d2275736572223e0a2020202020203c636f6e646974696f6e45787072657373696f6e207873693a747970653d2274466f726d616c45787072657373696f6e223e3c215b43444154415b247b666c61672e657175616c732827e9a9b3e59b9e27297d5d5d3e3c2f636f6e646974696f6e45787072657373696f6e3e0a202020203c2f73657175656e6365466c6f773e0a20203c2f70726f636573733e0a20203c62706d6e64693a42504d4e4469616772616d2069643d2242504d4e4469616772616d5f4c6561766542696c6c223e0a202020203c62706d6e64693a42504d4e506c616e652062706d6e456c656d656e743d224c6561766542696c6c222069643d2242504d4e506c616e655f4c6561766542696c6c223e0a2020202020203c62706d6e64693a42504d4e53686170652062706d6e456c656d656e743d227374617274222069643d2242504d4e53686170655f7374617274223e0a20202020202020203c6f6d6764633a426f756e6473206865696768743d2233302e30222077696474683d2233302e302220783d2234352e302220793d2238352e3030303030303030303030303033222f3e0a2020202020203c2f62706d6e64693a42504d4e53686170653e0a2020202020203c62706d6e64693a42504d4e53686170652062706d6e456c656d656e743d2275736572222069643d2242504d4e53686170655f75736572223e0a20202020202020203c6f6d6764633a426f756e6473206865696768743d2238302e30222077696474683d223130302e302220783d223132302e302220793d2236302e3030303030303030303030303033222f3e0a2020202020203c2f62706d6e64693a42504d4e53686170653e0a2020202020203c62706d6e64693a42504d4e53686170652062706d6e456c656d656e743d22706d222069643d2242504d4e53686170655f706d223e0a20202020202020203c6f6d6764633a426f756e6473206865696768743d2238302e3030303030303030303030303033222077696474683d223130302e302220783d223236352e302220793d2236302e30222f3e0a2020202020203c2f62706d6e64693a42504d4e53686170653e0a2020202020203c62706d6e64693a42504d4e53686170652062706d6e456c656d656e743d227369642d37443342413043432d304531342d343031412d393937422d453542353737393844363030222069643d2242504d4e53686170655f7369642d37443342413043432d304531342d343031412d393937422d453542353737393844363030223e0a20202020202020203c6f6d6764633a426f756e6473206865696768743d2234302e30222077696474683d2234302e302220783d223431302e302220793d2238302e3030303030303030303030303033222f3e0a2020202020203c2f62706d6e64693a42504d4e53686170653e0a2020202020203c62706d6e64693a42504d4e53686170652062706d6e456c656d656e743d227369642d44313931444237442d313042382d344145372d383238342d453039333132383732333743222069643d2242504d4e53686170655f7369642d44313931444237442d313042382d344145372d383238342d453039333132383732333743223e0a20202020202020203c6f6d6764633a426f756e6473206865696768743d2238302e3030303030303030303030303033222077696474683d223130302e302220783d223439352e302220793d2236302e30222f3e0a2020202020203c2f62706d6e64693a42504d4e53686170653e0a2020202020203c62706d6e64693a42504d4e53686170652062706d6e456c656d656e743d227369642d41313341394141382d434338462d344233332d383136362d454637373537463641424442222069643d2242504d4e53686170655f7369642d41313341394141382d434338462d344233332d383136362d454637373537463641424442223e0a20202020202020203c6f6d6764633a426f756e6473206865696768743d2238302e3030303030303030303030303033222077696474683d223130302e302220783d223634302e302220793d2236302e30222f3e0a2020202020203c2f62706d6e64693a42504d4e53686170653e0a2020202020203c62706d6e64693a42504d4e53686170652062706d6e456c656d656e743d227369642d42413736454331462d423735452d344632382d423839382d464530363636423638314246222069643d2242504d4e53686170655f7369642d42413736454331462d423735452d344632382d423839382d464530363636423638314246223e0a20202020202020203c6f6d6764633a426f756e6473206865696768743d2232382e3030303030303030303030303033222077696474683d2232382e302220783d223738352e302220793d2238362e30222f3e0a2020202020203c2f62706d6e64693a42504d4e53686170653e0a2020202020203c62706d6e64693a42504d4e456467652062706d6e456c656d656e743d227369642d42303041324138322d334131352d343934352d423430312d384445344444383732413838222069643d2242504d4e456467655f7369642d42303041324138322d334131352d343934352d423430312d384445344444383732413838223e0a20202020202020203c6f6d6764693a776179706f696e7420783d223734302e302220793d223130302e3030303030303030303030303031222f3e0a20202020202020203c6f6d6764693a776179706f696e7420783d223738352e302220793d223130302e3030303030303030303030303031222f3e0a2020202020203c2f62706d6e64693a42504d4e456467653e0a2020202020203c62706d6e64693a42504d4e456467652062706d6e456c656d656e743d227369642d32424346433631362d374438412d343134312d414633462d384143313845413130304446222069643d2242504d4e456467655f7369642d32424346433631362d374438412d343134312d414633462d384143313845413130304446223e0a20202020202020203c6f6d6764693a776179706f696e7420783d2237352e302220793d223130302e3030303030303030303030303033222f3e0a20202020202020203c6f6d6764693a776179706f696e7420783d223132302e302220793d223130302e3030303030303030303030303033222f3e0a2020202020203c2f62706d6e64693a42504d4e456467653e0a2020202020203c62706d6e64693a42504d4e456467652062706d6e456c656d656e743d227369642d35344233354332332d303138422d344642412d393643322d374546343544303134444444222069643d2242504d4e456467655f7369642d35344233354332332d303138422d344642412d393643322d374546343544303134444444223e0a20202020202020203c6f6d6764693a776179706f696e7420783d223336352e302220793d223130302e3231363435303231363435303233222f3e0a20202020202020203c6f6d6764693a776179706f696e7420783d223431302e343133303433343738323630392220793d223130302e34313330343334373832363039222f3e0a2020202020203c2f62706d6e64693a42504d4e456467653e0a2020202020203c62706d6e64693a42504d4e456467652062706d6e456c656d656e743d227369642d45464334383546312d414543392d343536392d423430312d443136444535384636373337222069643d2242504d4e456467655f7369642d45464334383546312d414543392d343536392d423430312d443136444535384636373337223e0a20202020202020203c6f6d6764693a776179706f696e7420783d223232302e302220793d223130302e3030303030303030303030303033222f3e0a20202020202020203c6f6d6764693a776179706f696e7420783d223236352e302220793d223130302e3030303030303030303030303033222f3e0a2020202020203c2f62706d6e64693a42504d4e456467653e0a2020202020203c62706d6e64693a42504d4e456467652062706d6e456c656d656e743d227369642d38344242323430352d384530322d344442392d384632392d453942424230333243304439222069643d2242504d4e456467655f7369642d38344242323430352d384530322d344442392d384632392d453942424230333243304439223e0a20202020202020203c6f6d6764693a776179706f696e7420783d223331352e302220793d223134302e3030303030303030303030303033222f3e0a20202020202020203c6f6d6764693a776179706f696e7420783d223331352e302220793d223139312e3532343239303531313436323137222f3e0a20202020202020203c6f6d6764693a776179706f696e7420783d223137302e302220793d223139312e3532343239303531313436323137222f3e0a20202020202020203c6f6d6764693a776179706f696e7420783d223137302e302220793d223134302e3030303030303030303030303033222f3e0a2020202020203c2f62706d6e64693a42504d4e456467653e0a2020202020203c62706d6e64693a42504d4e456467652062706d6e456c656d656e743d227369642d42304144324538452d363634312d343437322d394431332d463838324441334146394435222069643d2242504d4e456467655f7369642d42304144324538452d363634312d343437322d394431332d463838324441334146394435223e0a20202020202020203c6f6d6764693a776179706f696e7420783d223434392e353833333333333333333333332220793d223130302e3431363636363636363636363639222f3e0a20202020202020203c6f6d6764693a776179706f696e7420783d223439352e302220793d223130302e3231383334303631313335333734222f3e0a2020202020203c2f62706d6e64693a42504d4e456467653e0a2020202020203c62706d6e64693a42504d4e456467652062706d6e456c656d656e743d227369642d30334436303037342d303738332d344333422d384345302d373342343345464335313830222069643d2242504d4e456467655f7369642d30334436303037342d303738332d344333422d384345302d373342343345464335313830223e0a20202020202020203c6f6d6764693a776179706f696e7420783d223539352e302220793d223130302e3030303030303030303030303031222f3e0a20202020202020203c6f6d6764693a776179706f696e7420783d223634302e302220793d223130302e3030303030303030303030303031222f3e0a2020202020203c2f62706d6e64693a42504d4e456467653e0a2020202020203c62706d6e64693a42504d4e456467652062706d6e456c656d656e743d227369642d41443932373633302d373545442d344437372d383743462d454430333330373345414336222069643d2242504d4e456467655f7369642d41443932373633302d373545442d344437372d383743462d454430333330373345414336223e0a20202020202020203c6f6d6764693a776179706f696e7420783d223433302e352220793d223131392e3530303030303030303030303033222f3e0a20202020202020203c6f6d6764693a776179706f696e7420783d223433302e352220793d223139322e3030303030303030303030303033222f3e0a20202020202020203c6f6d6764693a776179706f696e7420783d223639302e302220793d223139322e3030303030303030303030303033222f3e0a20202020202020203c6f6d6764693a776179706f696e7420783d223639302e302220793d223134302e3030303030303030303030303033222f3e0a2020202020203c2f62706d6e64693a42504d4e456467653e0a2020202020203c62706d6e64693a42504d4e456467652062706d6e456c656d656e743d227369642d36314637383245322d304132452d343144322d383042372d383136304139324441433939222069643d2242504d4e456467655f7369642d36314637383245322d304132452d343144322d383042372d383136304139324441433939223e0a20202020202020203c6f6d6764693a776179706f696e7420783d223534352e302220793d2236302e30222f3e0a20202020202020203c6f6d6764693a776179706f696e7420783d223534352e302220793d2232392e30222f3e0a20202020202020203c6f6d6764693a776179706f696e7420783d223137302e302220793d2232392e30222f3e0a20202020202020203c6f6d6764693a776179706f696e7420783d223137302e302220793d2236302e3030303030303030303030303033222f3e0a2020202020203c2f62706d6e64693a42504d4e456467653e0a202020203c2f62706d6e64693a42504d4e506c616e653e0a20203c2f62706d6e64693a42504d4e4469616772616d3e0a3c2f646566696e6974696f6e733e, '0'), ('25003', '1', '请假流程.LeaveBill.png', '25001', 0x89504e470d0a1a0a0000000d4948445200000337000000ca08060000009835be800000222c4944415478daeddd09985575fdc7712a2bdb7dda172b2b2bdb372bdbeddf46656525210ce984066ea9a43e997b2aa99151d86669659b96191a9a28b82b9a962969e6122e8022966818602ae77f3ee7e1f05c8619988161e6de3baff7f37c1fcebdf7cc9de19ccfeff3fb7d7fdb19360c00000000000000000000000000000000000000000000000000000000000000000000000000000000000000000000000000000000000000000000000000000000000000000000000000000000000000000000000000000000000000000000000000000000000000000000000000000000000000000000000000000000000000000000000000000000000000da85edb7dfbe104208d17ea18603000cc9e4c6550000de0e00800a1000c0db010050010200783b00002a4000006f070040050800bc1d000015200080b70300a0020400f076000054800000de0e00800a1000783b00002a4000006f070040050800e0ed0000a8000100bc1d0000152000f076000054800000de0e00800a10003078dc7df7dd9f9d32654a51fafb66ae06004072030068498aa2d8f8de7bef5d54528c1b37ee4c57040020b90100b42473e7cefd45b18259b366cd1f356ad4b6ae0a004072030068291e78e081373cf2c823cb8b06264e9c38b7b3b3731357070020b90100b40c0b162c985374e1befbee5bd0d1d1f11d57070020b90100b40477dc71c7c1450f4c9d3a7541e9f55bba4a0080764b64a62599594b5ce54a0140eb50e62fcf5db66cd9ff7a4a6e962f5ffee0840913666fbdf5d61bb95a0080764a6eb62ce3a135253723478edcc6950280d661debc7997176b61ce9c3973478d1ab5b7ab050068b704e7ec35243797ebd90380d6e2b2cb2e5b5b6e532c5dbaf4c2f87c6767e7c6ae1800a09d929b2d7b4a6e6c190a00adc721871cb2fb9aa6a525b739e080037e63e40600d0ae094e776b6fae326a0300adc929a79c72634f99cd2db7dcf24323f30080764e6e565b7b63ad0d00b42e23468cd8bc4c629676b399c0751d1d1dd7d92d0d00d0d694c9cc54a33600d03e4c9a34e9b8329979a431b939e184134e2cfd7eb2ab030068f7e466ab86b536c35d1100686dd249357dfaf4850d0ff0fc75e9f1377776766ee2ea0000da9e7aed8d511b00680ff6d8638fff5bb468d1b2328a71e3c6cdb4510c0060282537d5ce69ae0400b40fc71f7ffcd953a64cc95acaa9ae0600a0571445b1d19c39734ebde28a2b1e39efbcf38a193366b46424b969d5bf7de6cc99c5c5175ffcaf32c6d090188a1a8272d95d9c75d65995b79f76da69ca250df17600bd23c675c92597140b172e2c1e7cf041314871cf3df714175d74d1fda5916d474362a86908ca654f317ffe7ce59286783b6f077a4f7a641857d318d8833366ccb88186c450d310944be59286046f07fa850c35338ee689d2bc1ea22131d43404e552b9a421c1db817e21733a9946539957414362a86908caa572494382b703036a5e0fdc775731e7aa9f16d7cf3cbc8a1ce73d86c3bc688886a05c0ade4e433404b48c792d5e34bfb8ee9c838b6bcfda6f95c87bf98ce9a800698886a05c0ade4e433404b48479cdbdfe0fab19571df3ae9fc6745480344443502e056fa7211a025ac3bc6eb8e0981ecd2b9f311d15200dd110944bc1db698886809630afeb661cd6a379e533a6a302a4211a827229783b0dd110c0bc840a90865480502e954b1a12bc1d1828f3caee273d99573e633a2a401aa221289782b7d3100d012d615e375ff6dd1ecd2b9f311d15200dd110944bc1db698886809630af7fcf9f5d5c77eea1ab0f3997efe533a6a302a4211a827229783b0dd110d012e695b8f5cf3f5fcdbcf21ec3615e344443502e056fa7211a025ac7bc962d2b6e9ef583d5879ccbf7f219d35101d2100d41b914bc9d866808687af3ca13866fbaecb81ee7d4e6334f215601d2100d41b914bc9d866808685ef35ab6acb8ebe6f38bbf4d3fa047e3aa23e7e45cbd342a401aa221289782b7d3100d014d655e6beb8dd14bc3bc688886a05c0ade4e433404b48479f5a637664dbd344c480548433434c86cc2db954be592866808500156b1aec65507135201d2100d0d22c3cb2856fccbdb954be59286680818ea15a0605e3444432dca07cb5854c6e415ff6ec3db857249433404a80005f3a2211a6ad5c4669b86119c7b866a82a35c2a9734444380e446302f1aa2a1f6486cd6f63e6f17ca250dd110a00214cc8b8668a8e918be9604a6fe7c386f17ca250dd110da96a228369e3d7bf6f8934e3ae9a2a38f3efafe3df7dcf3a1cecece62fbedb72fc68c19b37cd75d777df0c0030f9c73cc31c7fcb28c57aa0005f3a2211a6adac4666d89cb901bc1512e954b1aa2a156a0a3a363d3912347ee51b6bf4f2de3e63216a72d5ec6d2326e2d3f9b5afebb6fce93bdac21a939edb4d37e7ec411473cb4f7de7b17c71f7f7c71c5155714f3e7cf2f962e5d5a84fcbb70e1c2e22f7ff94b51263fc55e7bedb57cc28409b78d1b376e6715a0605e3444434dc107fb3822d3d7f379bbe0edee1d0d6d20468d1ab56d1933ca78704532d39bb8a03c7f8c6ca6813289197be491472edb6fbffdaac4e5e1871f2e7acb35d75c53ecbffffe0f8f1f3ffe861123466cae0214cc8b866868d0139b6dd6e1e7160f850447b9542e6988869a913241d9ac4c50a6f721a1e92e2e69a7b6f8ba8ed66c74c619679cbfcb2ebb14d3a64deb5352d395e9d3a71763c78e5dd22ea338cc8b79d1100d0d91c4a6bf7e5eb914bc5dd0d03a3072e4c8ed478f1e7d6f63a2d2d1d1511c75d451c5f9e79f5fdc71c71dc57ffef39faabdfddffffeb79a5575d965971593274f2e3efff9cf774d70160fd9519c2436175e78e1955ffad2978a9b6ebaa9e80f6ebbedb6a24c9496ecbcf3cebbab00850a90866868c058dbe60103fd3dcaa5e0ed82867a97d86c5326230f372635bffce52fab6520bd61d1a245d5f9f9b9c624a7fcce9d870d35326293c4a6b717afb7e4fbc68d1bd7f25923f3625e3444432d96d8f4d794b2b61ec1512e954b1aa2a1661ab1694c6cbefce52f57a334eb427e2ecb4bba2438436704276b6c3215adbf466cba1bc1d961871d169517750b15a050010a1ada6074dd0ce05165ecb8e2dfbed0f5e7da769301e552b9a4211a6a06b2c6a6712adaa1871eba72ead9ba92296b13274eec3a456d8b61ed4e76453bfcf0c31fcc1a9b0dc959679db5a4a3a3e37215a050010a1adaa089cd360d09ca89b1f915fff636c1e9e9e7da32c1512e954b1aa2a166a04c6c66368ed8ac6f62d398e07419c1b9a4ed939ba953a7fe2affe9fffdef7fc58666b7dd765bd0aa4362cc8b79d1100db55062336cc5c84bd110bd49701a139b3a7668f8bcedd6e02897ca250dd1d06093ed9e1bd7d8aceb54b4354d516b5c83d3d6d3d3326a93e7d864bbe781e0da6baf7db055476f9817f3a2211a6a527a4a38ba4b54d694e07477fe09dd9cdf566b70944be5928668a809929b1975e291cd003604279f7cf2d018bd993d7bf6f86c22b03e5b3ef795b163c72ec8bcc266125419ef665ecc8b8668a8d935b486c466781f1296ee129cde26365d139ce1cddc58502e954b1aa2a166d7504747c7a6f52602195df9f7bfffbd41dadfd945adcb36d19b0d6b474e3ae9a48b4e38e1846220993c79f235e505ddb759ae41c310dd8c9123476ec5bc98170dd150b36a681d138cb525387d4d6c1a7fff3dcd3a82a35c2a97344443ada0a1f2fd3deaf3bef18d6f6ce836786372b3efb076e4e8a38fbeff8a2bae18d0e466d6ac59b79517745ab309af21ceee2ecb665ecc8b866868b035b41e53c37a4a701ebd8e89cddaa6c4299782b70b1aea8586caf74ead3fbff0c20b37681b3c0ffa6cf85ba60d6b47f6dc73cf87eebaebae014d6e162c58b0b0bca0739b58782bb3ec4601322fe645433434d81a5ac7c4664d09ce8deb91d8acefdfa35c0ade2e86bc86cad737d7eff7f746025d993f7f7ee3df3177583bd2d9d9592c5dba7440939bfcbef2822e6d76e13566d9194a645ecc8b866868b035d40f2325dd2538eb93d8f4758a9c722978bba0a1060d95b1a47edd5fdb3faf695be886dfdd346df17ebfe883412f6e76d3452b99d7030f3c50cc9c39b3c7cffff5af7f554393cb962debd3f7de7df7ddd57558bc78f1a0ff1f69a8f7b170e1c20dfafde9693ae79c737afc7cc18205c55ffffad795da8b79d77f57b44a43bd8bcf7ce633751232793dadffd1dd8cd8dcb8e2fdf561b272d9fbc8a261e592b7f7579d9ffb9d86ebdacefdf39fff5c454f9fe73ba64f9fde277d66a1fa2f7ef18b2233819aa10dd48a1aaa63a0dbe06d99dcecb8e38ecb077ae466c992250b5a64e4e6aa9123476eb3f5d65b6f3458c3ce071e7860f19ad7bca678ed6b5fdb6d6cb1c516c5bdf7debbdacf5d7ffdf5c5139ef084e2cc33cfecf67b2fbef8e262a38d36aa8ef7dd77dfe2e52f7f79f18a57bc62658c18316265e57bfbedb757869588e1a52174f3cd37af7c2f86baa12be916ee9919740d95e5ad78fef39f5ffcf4a73fad5e6fb3cd36c5965b6eb9323efce10faf72fe31c71c53bcfef5af5fe5bdb973e716bbefbefb4aaddd78e38dc5b7bef5ad6a6162e2431ffa50b1f1c61b17c71e7beccaf7f2f93ffef18feafc6c3ff9e217bfb83a7ee31bdf587cfffbdfaf8e9ff5ac67157ffce31ff5eef54143c3d6be3bdafa8cdcf4e5419fad3c7233e8e532f5eea69b6e5a9c74d249d5eb5d76d9659524f6b7bffd6df5fe77bffbdd62f8f0e1c5c73ef6b1e2031ff840b5d351cae71bdef08695913a226552b91c5a1a6a8c4b2fbdb42ac3d1c0dacefde4273f597cf6b39fedf1f324b9f9aebffffdefc5d7bef6b5d5f4f6a94f7d6a95f3efbbefbee2e31fff78d5a6d875d75d8bbdf7debbc82ebc679f7d360df55243e5f1622337fd4829c007077acdcd9d77de796393afb9e9da9818b439b5bbedb65bf1def7beb7f8f5af7f5d45cce3c8238fac8e5361c580eebffffe95094b0ce6139ff84415cf7dee73abc66b8ef3fef1c71f5f9d97c424c78f7bdce3aa9f193f7e7cf1ae77bdab38e49043aac8b91ffce007ab73b3935e0f8da055a2fe6ee6d57c1a4ae3298da8544079fdaa57bdaa7af2f16f7ef39bea7e6fb6d966ab9c9f06d0ab5ffdea95c9ed51471d553ced694f2bb6da6aabe26f7ffb5bf5feb9e79e5be967d4a8515594ffd72a695a318fb88ac73ffef155e53667ce9c4aabf91baebbeebaea7b7ef4a31f55df93a4ebbcf3ceab46047bd3e34843ab24128b37d09a9b7549705a65cd4dd394cbdffffef7c5d39ffef46ac424af274d9a541c76d861c557bef295aa6ca58198f72fb9e49262cf3df72c9ef39ce754e526debccf3efb147bedb5575596ce3aebaceabedd74d34dcae510d35063fce10f7fa874507b7463648646ee77ee6746e5a2896823c789bc5f8fb824f19d366d5af55da9ff93742749ce4c90c417bff8c5e2fdef7fffcaef4e129c4ed6473ffad155d2f3939ffca4183d7a74d556c9b35a2437bdd3903537fdccc1071f7cf340ef9676ce39e7fcb149774bbb3c4f88eda1313128e61563f9c8473e525c74d145553cf6b18fad12891c6708b831b9c9284d0c65ca9429abc5e69b6f5e8d02e5bcef7ce73b5585f6a8473daa78d9cb5e562537a9d852a926f2fbeae4260de2dafc76d861872a194a8377ead4a955e59be37c5e379c9957736928d34e92bcfcfce73f2ff6d8638faaf193c4259a486328efbfe4252f592db9494f70a62d6eb2c926c52b5ff9cae257bffad52ae7cc9e3dbbd869a79d8a5b6eb9a5f8e73fff594d7d8916f330e0bccefba904afb9e69a4a774f7ef293abcaef3def794fa5b56838bd536944e59a24a14e1245436bd7d07a8c94f4b4dd7377bba5f525c16985ddd29aaa5c46fb6f7ef39b8baf7ffdeb95c727d1a94759d3f04cf9aba788254e3ffdf46a743dc76968befded6f2fdefad6b756e5e7739ffb5c75cf52e694cba1d53ee8eadbb9d7dd4d43cc88fbda3a28dff18e7754e7fee0073f285ef8c21756ef25a1ce2c8e3163c6543338d231f694a73ca5d87ffffdab736fbdf5d6aa0d91df9d76e4f39ef7bcaa33f699cf7ce61aa743d2d0ea1ab25b5a3f3369d2a41306fa3937871e7ae8594df69c9b35f5900eaa79a5224aaf799293440c27c693e317bde845ab24379932965eb9eebe27865327378988bb3e77ecd8b1d514b63464134f7ad2938af25aac32ad29e7bce0052f28e6cd9b57bd97e1ea185886a0076bfd4d939957536a283dbc496233d530f735f72dc94d7a7773cfa3813ab949a326bdb4f5c84d7afbf2f7e6fee73891cfebfb9defce77a442cb34966831a385799da930f9bcfe3b32c5e6a52f7d69759c4654cead1b67f95d991273cf3df7d0502f34b48e23266b7b8e4d6f1ff4d9952d8735f7736e9ab25c66aa59ae717abce3efe96d4f3d9ca426befec4273eb1f8f4a73f5d252519b9c988cb339ef18ce2b8e38eab929b8cda649ae8dbdef6b6aaa3a94e6e94cba1d53e688c745ee5fe65da61775320a3b13ae9cd3d4f7b20c78968e97def7bdf2aeb77f25d19c599306142a5b9f3cf3fbff8def7be57fcf8c73f2eaebaeaaa95ebb432c2f7cd6f7eb378f7bbdf5d25cbdb6ebb6da5df4c9b4f12f4bbdffdae1a89a0a1356bc8736efa99830e3ae86565a178e4e1871f1eb0cdd2468f1efdcf567c2aea609857e657a767af7e9d46e9ac59b3aae39855637273da69a7559f7ffbdbdf5e2dd2bbd298dc642a437aec5291656ad2e1871fbe4a940968353a14334c059a06700c3015707efec4134fac2ad82459e951ac17a50e55f36a560d65fe75a6092489f9d9cf7e56bd9746cb29a79cb2727a599ddc64ba636fa620a6b739e77ff5ab5fad46f9b230353dcff92cf3bef33a237ff9bcfe3b32b73f8db3682d8da84c87c93a9e34a2def9ce770eda22d456d4d03a8c9cf4f6019d7d4d70eaa971dbb6fa051ce872995ef0f49027d9886fa7d328bde2291fe964488333094d1a93175c704195e8640a5b1a9159779391964c254e47d78e3beeb8725a9a7239b4da078dc9cbeb5ef7ba2a9254ace9dcccb2c80c8fc6355599a6fcd18f7e749511ffe826d3cf3272138da4932c754712f0cc20a93710489b23494dce8b96930425a149c339c97512edbc4f436ba6a3a363d3f29a3d94eb561e57b3623604b96f63c68c59de90dc6c36ac5d29857d4b7a8806684ada2fcb8b79890ab077915e90240ff57ce92424a9b8729c29038dc94d1ab175cf49d7c828cb01071cb072c1787eee318f794c352d29eb7ab2a9402acb4c41ca717a6bf2ff4d41c871a6a5a532ce9074de8fd9650a4386bbd3d81d8cd11b15e0dae3eaabafae466d52e92549cefa9b5450d9023e3d7c1979ab939b4c2f4c23eb88238ea87490e334aca2b933ce38a37a9d1eb868a16e4445076914659169ddeb9bd779bf6e4425694a651a6d665383eee6f69bbab0def43482d3dbc4a6af094efdfbb66d878b37189d0e29636f7ad39baa4ea72421f1f424317564d177fcb7ebb4b42424e979cd74b43434d37995b29c06a9723934939b6c0491fa3c232a4926e2d73d9d9b8424e734eea0997aa0de60205ac8774537197949fb20d3d232329329ed897a9427a3fa575e7965756e3db531c7498cf33ac799ae4643bd23cfbda9938eac57da10c43f1a129b4b86b5333bedb4d3887df6d9e7a10118bd59347af4e8abcb1b384605d8bbc8bcecccc1ce306522a6935d48729c24a431b949659504a5bbefc97a9ccb2fbfbc3a4e0f5f160cd6d3d2b2b0302696c5ac69086744260de1aedb44e77576ec490f4ed7dd529857736a28d34eb21b5212e124b719614b7293ca273d6da9a47a5a7353bf4ec596d75da7a7a491949ebd2c32cda850b49811c1bccef7d68da8fcce24c08dd35fba36a2f2733dedec47437d1ac1e93a456cc7617d7f8e4d7709ce0e7d1829e2ed6b89787192958ca48c1b37ae9a7a9651f189132756d7fb873ffc613575adee344a7293a965e9618fef27f9496294f7721c3fae1b91cae5d04a6ed2d9941192ccf2a87758cdfdcb7a98aee7a6832ad3cbb37eb6f1fdedb6dbae5aab556f1f9e246958c3b4b4d401497aa2958c0c656a5afdb3d75e7b6d756e667ca41d91e3830e3aa8ea244b5b211d6cda07bd4e6eb6ad138f8cdef4f7c602f9beb20dbebce121a26386b53be3c78f9f9d06ef8624eb7b9229f6714ef99035af98567a58b20b4a6fa6a5659d4c1293de7c77bde6263ffbd4a73eb5da7a34a6f896b7bca5aa54d313d898dca487268ddecc0f4f633923385968dab8e89579356f05989ee24c7139f5d4537b9c96d65d7273c30d37543acbda802c62beedb6db569eb7df7efb550b4ed3404b525d4f63c8eb673ffbd9d5e73dcded8f76a2ebba1195465dd697d150bf24388d9b0c34262a7d7940674f3fd774db3db772b94c0334a336f533c9d298cc35cf34a3fa9c4cf1c9da974c614b2f7aeae98cb87fe10b5fa8decf719298ba31ab5c0e1d0da58d90fb960d82eebcf3ce956b2733953c53d1b3c6b23e37bba4a6532bf5777d6e1d49949390f4b4e626c94d4611934465ed663d7adf98dca4fd9073731c8de5fb24377da76c235f50271fe9cce8af6da1b35e769f7df679b871d4a655dbe27dbda09b8d1d3b76497af53704b367cf3ea3fc1d779599e2162ac0de45a68f25b9699cf79cb9ae590b93866a465a32ad20469461e88cea64b79cb57d6f0c2f9556929bf4d6a4d19a679d6411602acb7c7776d3ca76a131b72c544c0f618caddeda31bd8c99039ec428bd3e99d3cdbc9a4f434962ea45c5999a96298db96fb9df199dcb36e1b987997258ff4c7a813355258d9ee82d53d3320f3f535c726edd939be908d93d2fc7d94a36bfa39e46138de6f31c67dd56e6f4a7b28db63245325acdef4f2f621a4f993693d1481aea17ba4e517bd48a9197be6eefdcf5e7d6f7f93aca65c334a2242b29334924b29e31233219c5c97b39cec2ff8cd8c473e3d7d9be359bc66447cbf490e7d93759f398e3bc97e946cae5d0d1507e5f3689c8bdca7d6efc2c5a4907553a23a3a1e826f57bee759d6ca4cd901dd292f4462375276ada07a9fff35ed67e2561c994b47c5f92a0cc0248dd907aa11e01ccb99961928d07721c6de6758ed7f4b0501aeabe2d5ec63d751292f5cfeb9be024b1293da4719dcde2566e8bf799323bef183f7efc7f3317b33f99376fdea5a3478fbebdd587c006dabc92302481695c34982969e9854f4f4a1aa8f5e2ee5466c9f27bfb7c85ccf74ecf5f863eb32d68be3b3d803befbc73358a1373ca7350f2bbd2db93f5357505d9b8bd647a0cf377743557e6d51c1a4a03266bb1929ce475765b4ac3293d6b75e475cea97f26669a864dee7fe354b424d1791647571dd46b7b329fbf6b8f60ddf39cca30bf270ba2b368390baaeb5da39260a55157af19a0a10d92e0f4c78850d3ee8ad66ae532be9ac6655d2efff4a73f55cfb2c9f6fa756414bede22ba8e8cdae4fdc6f3ea73b3c98b723974349491baacd3ea6927b2d4cfa9cf33da9ec6717cbdf181df99a276f0c107574974e3f368529727e9c92322ea698e796e4df4593ff728a332f5287ed66b2769caae7d5d23c9779d4cd350ef193972e4f6f5e602f508ceba4e51cbcf7519b1191ad3d1ba523676c79686b6b8bf4670326293c4a6bc59fbab00850a908668a8e5129ca67c40a772a95cd29068576f2f9390cec604271dd14942d3b9d8db5dd1b27940e31a9b443bb4c5d72b6b1c3366ccfda79f7efa03ebb1c9c0a2638f3df6a7998a969ba40214cc8b866868c059dfa9646d3b154db9542e6988869abd2d5ec6a2c6e424494ea68ae6419f1995a9a7ac65442dd311b39e3ad30a77dc71c7471a7f2e53d1daa52dbebe59e36665c677def8f1e3175c7df5d54bfaf21c9b73cf3df7e43239ba2a0b96da695e1ff3625e3444432d9ce0f475e4a52d370f502e954b1aa2a1566a8b376e11bd8e71c9905a63d3cb0bbb5d929ccecece85471f7df4f5975e7ae9ed65767857d66884254b962cb8f3ce3b6f9c3973e699871d76d8d96556392717321962bbedc4c0bc98170dd1508bd2d7a9656d3f154db9542e6988865aa92dbe22c979a82f494d3bb6c5fb953c3db5bcb07b9717ead4326e2d63e98a8b977fe79631ad8c7ddbf969a7cc8b79d1100d0d810467cb32160f6b9307742a97ca250dd190b638c0bc98170dd1507b327c45e2327c0d9fdf3394121be552b9a4211a0224378279d1100db5df08ce909a8aa65c2a9734444380e48679312f1aa2a1f64c70866c62a35c2a9734444380e446302f1aa2a1f64970260fe5c446b9542e69888600c98d605e344443edc1f02c461d3604b67b562e954b1aa22100cc8b79d1100db5392b921bdeae3c2897344443800a50302f1aa221c90d6f17bc9d86680850010a15a0a021c98d722978bba02180790915a050014a6e944be59286046f079817f3a221a10294dc2897ca250dd110a002641acc8b86684872c3db857249433404a800850a9086684872a35c0ade2e6808605e420528684872a35c2a973424783bc0bc98170d0915a0e446b9542e69888600302fe645433424b9e1ed42b9a4211a0254808279d1100d496e944bc1db050d01cc4ba800050d496e944be59286046f079817f3a221a10294dc2897ca250dd11000e6c5bc6888862437bc5d2897344443800a50302f1aa221c98d722978bba02180790915a0a021c98d72a95cd290e0edc00070de79e7318de689a5a5793d444362a8694872a35c2a973424783bd02f5c7cf1c5772d5cb890713441cc9f3fff94d2bc6ea02131d43424b9512e954b1a12bc1de817ce3ffffc4f5d78e185f7dd7df7dd4b18c8e0f5c8c4b866ce9c797b19dbd1d0a0551e3424b9e1ed42b9a4211a025a9db2c06c3363c68cab32e499399dad16279f7c7291c64c2bfeed2b22d7fd865636ae56d7d095575e594c9932a5983a752a0d496e78bb502e698886000c6a43665a1a335b6fbdf546ae06fa4a51141bdf7befbd8b4a8a71e3c69de98a486e00681f00c0a03072e4c8ad4ae37a28e6356ad4a8e1ae08facadcb9737f51ac60d6ac59f34b1d6debaa486e00681f00c06098d7d418d78ab8ca15415f78e08107def0c8238f2c2f1a983871e2dccecece4d5c1dc90d00ed030018c806cc9675af4c1da5996de3caa0b72c58b0604ed185fbeebb6f414747c7775c1dc90d00ed03001848f39ad6685c75ef8cb9b5e80d77dc71c7c1450f4c9d3a75412a475749720340fb000006c2b856eb95a9c39a09ac8d327f79eeb265cbfed75372b37cf9f207274c98305b4528b901a07d000003615e6777675c2be27257086b62debc7997176b61ce9c3973cb8a706f574b720340fb000036a471f5d82b636e2d7ac365975db6b6dca658ba74e985d1526767e7c6ae98e40680f601006c28f39ab626e3b2330ad6c621871cb2fb9aa6a525b739e080037e63e446720340fb00003466d0f49c72ca2937f694d9dc72cb2d3fccf4056b6ef801007e0000cc0b4dcf881123362f9398a5dd6c26705d4747c775764be30700f80100302fb40c93264d3aae4c661e694c6e4e38e18413478e1c39d9d5e10700f80100302fb40c9976367dfaf4850d0ff0fc75a9a59b3b3b3b377175f801007e0000cc0b2dc51e7becf17f8b162d5a5646316edcb8999e83c00f00f00300605e68598e3ffef8b3a74c99922d42a7ba1afc00003f0000e6859625d3d0a2a16c32e06af00300fc000098176808ee25007e0000cc0b3404f712003f0000e6051a827b09801f00605e000db99700f80100302fd010dc4b00fc000098176808ee25007e0000cc0b3404f712003f00c0bc001a722f01f00300605ea021b89700f80100302fd010dc4b00fc000098176808ee25007e0080790134e45e02e00700c0bc4043702f01f00300605ea021b89700f80100302fd010dc4b00fc0000f30268c8bd04007e0080798186e05e02e00700c0bc4043702f01f00300605ea021b89700f80100e6c5bc4043702f01f00300cc0ba021f712003f0000e6051a827b09801f0000f3020dc1bd04c00f0080798186e05e02e0070098174043ee25007e0000cc0b3404f712003f0000e6051a827b09801f0000f3020dc1bd04c00f00302f8086dc4b00fc000098176808ee25007e0000cc0b3404f712003f0000e6051a827b09801f00605e000db99700f80100302fd010dc4b00fc000006c9bc8458df5092346600f0030000009d1d42081d570000000000000000000000000000000000000000000000000000000000000000000000000000000000000030d8fc3f33aa47abeca30e3c0000000049454e44ae426082, '1');
INSERT INTO `ACT_GE_BYTEARRAY` VALUES ('3', '1', 'source-extra', null, '', null);
COMMIT;

-- ----------------------------
--  Table structure for `ACT_GE_PROPERTY`
-- ----------------------------
DROP TABLE IF EXISTS `ACT_GE_PROPERTY`;
CREATE TABLE `ACT_GE_PROPERTY` (
  `NAME_` varchar(64) COLLATE utf8_bin NOT NULL,
  `VALUE_` varchar(300) COLLATE utf8_bin DEFAULT NULL,
  `REV_` int(11) DEFAULT NULL,
  PRIMARY KEY (`NAME_`)
) ENGINE=InnoDB DEFAULT CHARSET=utf8 COLLATE=utf8_bin;

-- ----------------------------
--  Records of `ACT_GE_PROPERTY`
-- ----------------------------
BEGIN;
INSERT INTO `ACT_GE_PROPERTY` VALUES ('next.dbid', '30001', '13'), ('schema.history', 'create(5.22.0.0)', '1'), ('schema.version', '5.22.0.0', '1');
COMMIT;

-- ----------------------------
--  Table structure for `ACT_HI_ACTINST`
-- ----------------------------
DROP TABLE IF EXISTS `ACT_HI_ACTINST`;
CREATE TABLE `ACT_HI_ACTINST` (
  `ID_` varchar(64) COLLATE utf8_bin NOT NULL,
  `PROC_DEF_ID_` varchar(64) COLLATE utf8_bin NOT NULL,
  `PROC_INST_ID_` varchar(64) COLLATE utf8_bin NOT NULL,
  `EXECUTION_ID_` varchar(64) COLLATE utf8_bin NOT NULL,
  `ACT_ID_` varchar(255) COLLATE utf8_bin NOT NULL,
  `TASK_ID_` varchar(64) COLLATE utf8_bin DEFAULT NULL,
  `CALL_PROC_INST_ID_` varchar(64) COLLATE utf8_bin DEFAULT NULL,
  `ACT_NAME_` varchar(255) COLLATE utf8_bin DEFAULT NULL,
  `ACT_TYPE_` varchar(255) COLLATE utf8_bin NOT NULL,
  `ASSIGNEE_` varchar(255) COLLATE utf8_bin DEFAULT NULL,
  `START_TIME_` datetime(3) NOT NULL,
  `END_TIME_` datetime(3) DEFAULT NULL,
  `DURATION_` bigint(20) DEFAULT NULL,
  `TENANT_ID_` varchar(255) COLLATE utf8_bin DEFAULT '',
  PRIMARY KEY (`ID_`),
  KEY `ACT_IDX_HI_ACT_INST_START` (`START_TIME_`),
  KEY `ACT_IDX_HI_ACT_INST_END` (`END_TIME_`),
  KEY `ACT_IDX_HI_ACT_INST_PROCINST` (`PROC_INST_ID_`,`ACT_ID_`),
  KEY `ACT_IDX_HI_ACT_INST_EXEC` (`EXECUTION_ID_`,`ACT_ID_`)
) ENGINE=InnoDB DEFAULT CHARSET=utf8 COLLATE=utf8_bin;

-- ----------------------------
--  Records of `ACT_HI_ACTINST`
-- ----------------------------
BEGIN;
INSERT INTO `ACT_HI_ACTINST` VALUES ('25006', 'LeaveBill:1:25004', '25005', '25005', 'start', null, null, '开始', 'startEvent', null, '2018-12-03 23:52:38.725', '2018-12-03 23:52:38.746', '21', '1'), ('25007', 'LeaveBill:1:25004', '25005', '25005', 'user', '25008', null, '用户提交', 'userTask', null, '2018-12-03 23:52:38.748', '2018-12-03 23:53:40.532', '61784', '1'), ('25014', 'LeaveBill:1:25004', '25005', '25005', 'pm', '25015', null, '组长审批', 'userTask', null, '2018-12-03 23:53:40.532', '2018-12-03 23:54:09.373', '28841', '1'), ('25018', 'LeaveBill:1:25004', '25005', '25005', 'sid-7D3BA0CC-0E14-401A-997B-E5B57798D600', null, null, null, 'exclusiveGateway', null, '2018-12-03 23:54:09.373', '2018-12-03 23:54:09.384', '11', '1'), ('25019', 'LeaveBill:1:25004', '25005', '25005', 'sid-A13A9AA8-CC8F-4B33-8166-EF7757F6ABDB', '25020', null, '人力报备', 'userTask', null, '2018-12-03 23:54:09.384', null, null, '1'), ('25023', 'LeaveBill:1:25004', '25022', '25022', 'start', null, null, '开始', 'startEvent', null, '2018-12-03 23:57:55.883', '2018-12-03 23:57:55.885', '2', '1'), ('25024', 'LeaveBill:1:25004', '25022', '25022', 'user', '25025', null, '用户提交', 'userTask', null, '2018-12-03 23:57:55.885', '2018-12-03 23:58:06.820', '10935', '1'), ('25031', 'LeaveBill:1:25004', '25022', '25022', 'pm', '25032', null, '组长审批', 'userTask', null, '2018-12-03 23:58:06.820', '2018-12-03 23:58:14.514', '7694', '1'), ('25035', 'LeaveBill:1:25004', '25022', '25022', 'sid-7D3BA0CC-0E14-401A-997B-E5B57798D600', null, null, null, 'exclusiveGateway', null, '2018-12-03 23:58:14.514', '2018-12-03 23:58:14.515', '1', '1'), ('25036', 'LeaveBill:1:25004', '25022', '25022', 'sid-D191DB7D-10B8-4AE7-8284-E0931287237C', '25037', null, '经理审批', 'userTask', null, '2018-12-03 23:58:14.515', null, null, '1'), ('27502', 'LeaveBill:1:25004', '27501', '27501', 'start', null, null, '开始', 'startEvent', null, '2018-12-11 13:44:16.165', '2018-12-11 13:44:16.228', '63', '1'), ('27503', 'LeaveBill:1:25004', '27501', '27501', 'user', '27504', null, '用户提交', 'userTask', null, '2018-12-11 13:44:16.230', '2018-12-11 13:45:15.552', '59322', '1'), ('27510', 'LeaveBill:1:25004', '27501', '27501', 'pm', '27511', null, '组长审批', 'userTask', null, '2018-12-11 13:45:15.552', '2018-12-11 13:45:25.721', '10169', '1'), ('27514', 'LeaveBill:1:25004', '27501', '27501', 'sid-7D3BA0CC-0E14-401A-997B-E5B57798D600', null, null, null, 'exclusiveGateway', null, '2018-12-11 13:45:25.721', '2018-12-11 13:45:25.730', '9', '1'), ('27515', 'LeaveBill:1:25004', '27501', '27501', 'sid-A13A9AA8-CC8F-4B33-8166-EF7757F6ABDB', '27516', null, '人力报备', 'userTask', null, '2018-12-11 13:45:25.730', '2018-12-11 13:46:08.285', '42555', '1'), ('27519', 'LeaveBill:1:25004', '27501', '27501', 'sid-BA76EC1F-B75E-4F28-B898-FE0666B681BF', null, null, null, 'endEvent', null, '2018-12-11 13:46:08.285', '2018-12-11 13:46:08.285', '0', '1');
COMMIT;

-- ----------------------------
--  Table structure for `ACT_HI_ATTACHMENT`
-- ----------------------------
DROP TABLE IF EXISTS `ACT_HI_ATTACHMENT`;
CREATE TABLE `ACT_HI_ATTACHMENT` (
  `ID_` varchar(64) COLLATE utf8_bin NOT NULL,
  `REV_` int(11) DEFAULT NULL,
  `USER_ID_` varchar(255) COLLATE utf8_bin DEFAULT NULL,
  `NAME_` varchar(255) COLLATE utf8_bin DEFAULT NULL,
  `DESCRIPTION_` varchar(4000) COLLATE utf8_bin DEFAULT NULL,
  `TYPE_` varchar(255) COLLATE utf8_bin DEFAULT NULL,
  `TASK_ID_` varchar(64) COLLATE utf8_bin DEFAULT NULL,
  `PROC_INST_ID_` varchar(64) COLLATE utf8_bin DEFAULT NULL,
  `URL_` varchar(4000) COLLATE utf8_bin DEFAULT NULL,
  `CONTENT_ID_` varchar(64) COLLATE utf8_bin DEFAULT NULL,
  `TIME_` datetime(3) DEFAULT NULL,
  PRIMARY KEY (`ID_`)
) ENGINE=InnoDB DEFAULT CHARSET=utf8 COLLATE=utf8_bin;

-- ----------------------------
--  Table structure for `ACT_HI_COMMENT`
-- ----------------------------
DROP TABLE IF EXISTS `ACT_HI_COMMENT`;
CREATE TABLE `ACT_HI_COMMENT` (
  `ID_` varchar(64) COLLATE utf8_bin NOT NULL,
  `TYPE_` varchar(255) COLLATE utf8_bin DEFAULT NULL,
  `TIME_` datetime(3) NOT NULL,
  `USER_ID_` varchar(255) COLLATE utf8_bin DEFAULT NULL,
  `TASK_ID_` varchar(64) COLLATE utf8_bin DEFAULT NULL,
  `PROC_INST_ID_` varchar(64) COLLATE utf8_bin DEFAULT NULL,
  `ACTION_` varchar(255) COLLATE utf8_bin DEFAULT NULL,
  `MESSAGE_` varchar(4000) COLLATE utf8_bin DEFAULT NULL,
  `FULL_MSG_` longblob,
  PRIMARY KEY (`ID_`)
) ENGINE=InnoDB DEFAULT CHARSET=utf8 COLLATE=utf8_bin;

-- ----------------------------
--  Records of `ACT_HI_COMMENT`
-- ----------------------------
BEGIN;
INSERT INTO `ACT_HI_COMMENT` VALUES ('25011', 'comment', '2018-12-03 23:53:40.481', 'admin', '25008', '25005', 'AddComment', '组长同意', 0xe7bb84e995bfe5908ce6848f), ('25017', 'comment', '2018-12-03 23:54:09.341', 'admin', '25015', '25005', 'AddComment', '组长审批通过', 0xe7bb84e995bfe5aea1e689b9e9809ae8bf87), ('25028', 'comment', '2018-12-03 23:58:06.803', 'admin', '25025', '25022', 'AddComment', '审批', 0xe5aea1e689b9), ('25034', 'comment', '2018-12-03 23:58:14.496', 'admin', '25032', '25022', 'AddComment', '组长同意', 0xe7bb84e995bfe5908ce6848f), ('27507', 'comment', '2018-12-11 13:45:15.210', 'admin', '27504', '27501', 'AddComment', '11111', 0x3131313131), ('27513', 'comment', '2018-12-11 13:45:25.284', 'admin', '27511', '27501', 'AddComment', '2222', 0x32323232), ('27518', 'comment', '2018-12-11 13:46:02.740', 'admin', '27516', '27501', 'AddComment', '3333', 0x33333333);
COMMIT;

-- ----------------------------
--  Table structure for `ACT_HI_DETAIL`
-- ----------------------------
DROP TABLE IF EXISTS `ACT_HI_DETAIL`;
CREATE TABLE `ACT_HI_DETAIL` (
  `ID_` varchar(64) COLLATE utf8_bin NOT NULL,
  `TYPE_` varchar(255) COLLATE utf8_bin NOT NULL,
  `PROC_INST_ID_` varchar(64) COLLATE utf8_bin DEFAULT NULL,
  `EXECUTION_ID_` varchar(64) COLLATE utf8_bin DEFAULT NULL,
  `TASK_ID_` varchar(64) COLLATE utf8_bin DEFAULT NULL,
  `ACT_INST_ID_` varchar(64) COLLATE utf8_bin DEFAULT NULL,
  `NAME_` varchar(255) COLLATE utf8_bin NOT NULL,
  `VAR_TYPE_` varchar(255) COLLATE utf8_bin DEFAULT NULL,
  `REV_` int(11) DEFAULT NULL,
  `TIME_` datetime(3) NOT NULL,
  `BYTEARRAY_ID_` varchar(64) COLLATE utf8_bin DEFAULT NULL,
  `DOUBLE_` double DEFAULT NULL,
  `LONG_` bigint(20) DEFAULT NULL,
  `TEXT_` varchar(4000) COLLATE utf8_bin DEFAULT NULL,
  `TEXT2_` varchar(4000) COLLATE utf8_bin DEFAULT NULL,
  PRIMARY KEY (`ID_`),
  KEY `ACT_IDX_HI_DETAIL_PROC_INST` (`PROC_INST_ID_`),
  KEY `ACT_IDX_HI_DETAIL_ACT_INST` (`ACT_INST_ID_`),
  KEY `ACT_IDX_HI_DETAIL_TIME` (`TIME_`),
  KEY `ACT_IDX_HI_DETAIL_NAME` (`NAME_`),
  KEY `ACT_IDX_HI_DETAIL_TASK_ID` (`TASK_ID_`)
) ENGINE=InnoDB DEFAULT CHARSET=utf8 COLLATE=utf8_bin;

-- ----------------------------
--  Table structure for `ACT_HI_IDENTITYLINK`
-- ----------------------------
DROP TABLE IF EXISTS `ACT_HI_IDENTITYLINK`;
CREATE TABLE `ACT_HI_IDENTITYLINK` (
  `ID_` varchar(64) COLLATE utf8_bin NOT NULL,
  `GROUP_ID_` varchar(255) COLLATE utf8_bin DEFAULT NULL,
  `TYPE_` varchar(255) COLLATE utf8_bin DEFAULT NULL,
  `USER_ID_` varchar(255) COLLATE utf8_bin DEFAULT NULL,
  `TASK_ID_` varchar(64) COLLATE utf8_bin DEFAULT NULL,
  `PROC_INST_ID_` varchar(64) COLLATE utf8_bin DEFAULT NULL,
  PRIMARY KEY (`ID_`),
  KEY `ACT_IDX_HI_IDENT_LNK_USER` (`USER_ID_`),
  KEY `ACT_IDX_HI_IDENT_LNK_TASK` (`TASK_ID_`),
  KEY `ACT_IDX_HI_IDENT_LNK_PROCINST` (`PROC_INST_ID_`)
) ENGINE=InnoDB DEFAULT CHARSET=utf8 COLLATE=utf8_bin;

-- ----------------------------
--  Records of `ACT_HI_IDENTITYLINK`
-- ----------------------------
BEGIN;
INSERT INTO `ACT_HI_IDENTITYLINK` VALUES ('25009', null, 'candidate', 'admin', '25008', null), ('25010', null, 'participant', 'admin', null, '25005'), ('25016', null, 'candidate', 'admin', '25015', null), ('25021', null, 'candidate', 'admin', '25020', null), ('25026', null, 'candidate', 'admin', '25025', null), ('25027', null, 'participant', 'admin', null, '25022'), ('25033', null, 'candidate', 'admin', '25032', null), ('25038', null, 'candidate', 'admin', '25037', null), ('27505', null, 'candidate', 'admin', '27504', null), ('27506', null, 'participant', 'admin', null, '27501'), ('27512', null, 'candidate', 'admin', '27511', null), ('27517', null, 'candidate', 'admin', '27516', null);
COMMIT;

-- ----------------------------
--  Table structure for `ACT_HI_PROCINST`
-- ----------------------------
DROP TABLE IF EXISTS `ACT_HI_PROCINST`;
CREATE TABLE `ACT_HI_PROCINST` (
  `ID_` varchar(64) COLLATE utf8_bin NOT NULL,
  `PROC_INST_ID_` varchar(64) COLLATE utf8_bin NOT NULL,
  `BUSINESS_KEY_` varchar(255) COLLATE utf8_bin DEFAULT NULL,
  `PROC_DEF_ID_` varchar(64) COLLATE utf8_bin NOT NULL,
  `START_TIME_` datetime(3) NOT NULL,
  `END_TIME_` datetime(3) DEFAULT NULL,
  `DURATION_` bigint(20) DEFAULT NULL,
  `START_USER_ID_` varchar(255) COLLATE utf8_bin DEFAULT NULL,
  `START_ACT_ID_` varchar(255) COLLATE utf8_bin DEFAULT NULL,
  `END_ACT_ID_` varchar(255) COLLATE utf8_bin DEFAULT NULL,
  `SUPER_PROCESS_INSTANCE_ID_` varchar(64) COLLATE utf8_bin DEFAULT NULL,
  `DELETE_REASON_` varchar(4000) COLLATE utf8_bin DEFAULT NULL,
  `TENANT_ID_` varchar(255) COLLATE utf8_bin DEFAULT '',
  `NAME_` varchar(255) COLLATE utf8_bin DEFAULT NULL,
  PRIMARY KEY (`ID_`),
  UNIQUE KEY `PROC_INST_ID_` (`PROC_INST_ID_`),
  KEY `ACT_IDX_HI_PRO_INST_END` (`END_TIME_`),
  KEY `ACT_IDX_HI_PRO_I_BUSKEY` (`BUSINESS_KEY_`)
) ENGINE=InnoDB DEFAULT CHARSET=utf8 COLLATE=utf8_bin;

-- ----------------------------
--  Records of `ACT_HI_PROCINST`
-- ----------------------------
BEGIN;
INSERT INTO `ACT_HI_PROCINST` VALUES ('25005', '25005', 'LeaveBill_17', 'LeaveBill:1:25004', '2018-12-03 23:52:38.725', null, null, null, 'start', null, null, null, '1', null), ('25022', '25022', 'LeaveBill_18', 'LeaveBill:1:25004', '2018-12-03 23:57:55.883', null, null, null, 'start', null, null, null, '1', null), ('27501', '27501', 'LeaveBill_1', 'LeaveBill:1:25004', '2018-12-11 13:44:16.163', '2018-12-11 13:46:08.311', '112148', null, 'start', 'sid-BA76EC1F-B75E-4F28-B898-FE0666B681BF', null, null, '1', null);
COMMIT;

-- ----------------------------
--  Table structure for `ACT_HI_TASKINST`
-- ----------------------------
DROP TABLE IF EXISTS `ACT_HI_TASKINST`;
CREATE TABLE `ACT_HI_TASKINST` (
  `ID_` varchar(64) COLLATE utf8_bin NOT NULL,
  `PROC_DEF_ID_` varchar(64) COLLATE utf8_bin DEFAULT NULL,
  `TASK_DEF_KEY_` varchar(255) COLLATE utf8_bin DEFAULT NULL,
  `PROC_INST_ID_` varchar(64) COLLATE utf8_bin DEFAULT NULL,
  `EXECUTION_ID_` varchar(64) COLLATE utf8_bin DEFAULT NULL,
  `NAME_` varchar(255) COLLATE utf8_bin DEFAULT NULL,
  `PARENT_TASK_ID_` varchar(64) COLLATE utf8_bin DEFAULT NULL,
  `DESCRIPTION_` varchar(4000) COLLATE utf8_bin DEFAULT NULL,
  `OWNER_` varchar(255) COLLATE utf8_bin DEFAULT NULL,
  `ASSIGNEE_` varchar(255) COLLATE utf8_bin DEFAULT NULL,
  `START_TIME_` datetime(3) NOT NULL,
  `CLAIM_TIME_` datetime(3) DEFAULT NULL,
  `END_TIME_` datetime(3) DEFAULT NULL,
  `DURATION_` bigint(20) DEFAULT NULL,
  `DELETE_REASON_` varchar(4000) COLLATE utf8_bin DEFAULT NULL,
  `PRIORITY_` int(11) DEFAULT NULL,
  `DUE_DATE_` datetime(3) DEFAULT NULL,
  `FORM_KEY_` varchar(255) COLLATE utf8_bin DEFAULT NULL,
  `CATEGORY_` varchar(255) COLLATE utf8_bin DEFAULT NULL,
  `TENANT_ID_` varchar(255) COLLATE utf8_bin DEFAULT '',
  PRIMARY KEY (`ID_`),
  KEY `ACT_IDX_HI_TASK_INST_PROCINST` (`PROC_INST_ID_`)
) ENGINE=InnoDB DEFAULT CHARSET=utf8 COLLATE=utf8_bin;

-- ----------------------------
--  Records of `ACT_HI_TASKINST`
-- ----------------------------
BEGIN;
INSERT INTO `ACT_HI_TASKINST` VALUES ('25008', 'LeaveBill:1:25004', 'user', '25005', '25005', '用户提交', null, null, null, null, '2018-12-03 23:52:38.756', null, '2018-12-03 23:53:40.525', '61769', 'completed', '50', null, null, null, '1'), ('25015', 'LeaveBill:1:25004', 'pm', '25005', '25005', '组长审批', null, null, null, null, '2018-12-03 23:53:40.532', null, '2018-12-03 23:54:09.356', '28824', 'completed', '50', null, null, null, '1'), ('25020', 'LeaveBill:1:25004', 'sid-A13A9AA8-CC8F-4B33-8166-EF7757F6ABDB', '25005', '25005', '人力报备', null, null, null, null, '2018-12-03 23:54:09.384', null, null, null, null, '50', null, null, null, '1'), ('25025', 'LeaveBill:1:25004', 'user', '25022', '25022', '用户提交', null, null, null, null, '2018-12-03 23:57:55.886', null, '2018-12-03 23:58:06.818', '10932', 'completed', '50', null, null, null, '1'), ('25032', 'LeaveBill:1:25004', 'pm', '25022', '25022', '组长审批', null, null, null, null, '2018-12-03 23:58:06.820', null, '2018-12-03 23:58:14.507', '7687', 'completed', '50', null, null, null, '1'), ('25037', 'LeaveBill:1:25004', 'sid-D191DB7D-10B8-4AE7-8284-E0931287237C', '25022', '25022', '经理审批', null, null, null, null, '2018-12-03 23:58:14.515', null, null, null, null, '50', null, null, null, '1'), ('27504', 'LeaveBill:1:25004', 'user', '27501', '27501', '用户提交', null, null, null, null, '2018-12-11 13:44:16.257', null, '2018-12-11 13:45:15.530', '59273', 'completed', '50', null, null, null, '1'), ('27511', 'LeaveBill:1:25004', 'pm', '27501', '27501', '组长审批', null, null, null, null, '2018-12-11 13:45:15.552', null, '2018-12-11 13:45:25.685', '10133', 'completed', '50', null, null, null, '1'), ('27516', 'LeaveBill:1:25004', 'sid-A13A9AA8-CC8F-4B33-8166-EF7757F6ABDB', '27501', '27501', '人力报备', null, null, null, null, '2018-12-11 13:45:25.730', null, '2018-12-11 13:46:08.268', '42538', 'completed', '50', null, null, null, '1');
COMMIT;

-- ----------------------------
--  Table structure for `ACT_HI_VARINST`
-- ----------------------------
DROP TABLE IF EXISTS `ACT_HI_VARINST`;
CREATE TABLE `ACT_HI_VARINST` (
  `ID_` varchar(64) COLLATE utf8_bin NOT NULL,
  `PROC_INST_ID_` varchar(64) COLLATE utf8_bin DEFAULT NULL,
  `EXECUTION_ID_` varchar(64) COLLATE utf8_bin DEFAULT NULL,
  `TASK_ID_` varchar(64) COLLATE utf8_bin DEFAULT NULL,
  `NAME_` varchar(255) COLLATE utf8_bin NOT NULL,
  `VAR_TYPE_` varchar(100) COLLATE utf8_bin DEFAULT NULL,
  `REV_` int(11) DEFAULT NULL,
  `BYTEARRAY_ID_` varchar(64) COLLATE utf8_bin DEFAULT NULL,
  `DOUBLE_` double DEFAULT NULL,
  `LONG_` bigint(20) DEFAULT NULL,
  `TEXT_` varchar(4000) COLLATE utf8_bin DEFAULT NULL,
  `TEXT2_` varchar(4000) COLLATE utf8_bin DEFAULT NULL,
  `CREATE_TIME_` datetime(3) DEFAULT NULL,
  `LAST_UPDATED_TIME_` datetime(3) DEFAULT NULL,
  PRIMARY KEY (`ID_`),
  KEY `ACT_IDX_HI_PROCVAR_PROC_INST` (`PROC_INST_ID_`),
  KEY `ACT_IDX_HI_PROCVAR_NAME_TYPE` (`NAME_`,`VAR_TYPE_`),
  KEY `ACT_IDX_HI_PROCVAR_TASK_ID` (`TASK_ID_`)
) ENGINE=InnoDB DEFAULT CHARSET=utf8 COLLATE=utf8_bin;

-- ----------------------------
--  Records of `ACT_HI_VARINST`
-- ----------------------------
BEGIN;
INSERT INTO `ACT_HI_VARINST` VALUES ('25012', '25005', '25005', null, 'days', 'integer', '1', null, null, '3', '3', null, '2018-12-03 23:53:40.516', '2018-12-03 23:54:09.351'), ('25013', '25005', '25005', null, 'flag', 'string', '1', null, null, null, '审批', null, '2018-12-03 23:53:40.517', '2018-12-03 23:54:09.352'), ('25029', '25022', '25022', null, 'days', 'integer', '1', null, null, '15', '15', null, '2018-12-03 23:58:06.813', '2018-12-03 23:58:14.504'), ('25030', '25022', '25022', null, 'flag', 'string', '1', null, null, null, '审批', null, '2018-12-03 23:58:06.813', '2018-12-03 23:58:14.505'), ('27508', '27501', '27501', null, 'days', 'integer', '2', null, null, '7', '7', null, '2018-12-11 13:45:15.411', '2018-12-11 13:46:08.313'), ('27509', '27501', '27501', null, 'flag', 'string', '2', null, null, null, '审批', null, '2018-12-11 13:45:15.412', '2018-12-11 13:46:08.311');
COMMIT;

-- ----------------------------
--  Table structure for `ACT_ID_GROUP`
-- ----------------------------
DROP TABLE IF EXISTS `ACT_ID_GROUP`;
CREATE TABLE `ACT_ID_GROUP` (
  `ID_` varchar(64) COLLATE utf8_bin NOT NULL,
  `REV_` int(11) DEFAULT NULL,
  `NAME_` varchar(255) COLLATE utf8_bin DEFAULT NULL,
  `TYPE_` varchar(255) COLLATE utf8_bin DEFAULT NULL,
  PRIMARY KEY (`ID_`)
) ENGINE=InnoDB DEFAULT CHARSET=utf8 COLLATE=utf8_bin;

-- ----------------------------
--  Table structure for `ACT_ID_INFO`
-- ----------------------------
DROP TABLE IF EXISTS `ACT_ID_INFO`;
CREATE TABLE `ACT_ID_INFO` (
  `ID_` varchar(64) COLLATE utf8_bin NOT NULL,
  `REV_` int(11) DEFAULT NULL,
  `USER_ID_` varchar(64) COLLATE utf8_bin DEFAULT NULL,
  `TYPE_` varchar(64) COLLATE utf8_bin DEFAULT NULL,
  `KEY_` varchar(255) COLLATE utf8_bin DEFAULT NULL,
  `VALUE_` varchar(255) COLLATE utf8_bin DEFAULT NULL,
  `PASSWORD_` longblob,
  `PARENT_ID_` varchar(255) COLLATE utf8_bin DEFAULT NULL,
  PRIMARY KEY (`ID_`)
) ENGINE=InnoDB DEFAULT CHARSET=utf8 COLLATE=utf8_bin;

-- ----------------------------
--  Table structure for `ACT_ID_MEMBERSHIP`
-- ----------------------------
DROP TABLE IF EXISTS `ACT_ID_MEMBERSHIP`;
CREATE TABLE `ACT_ID_MEMBERSHIP` (
  `USER_ID_` varchar(64) COLLATE utf8_bin NOT NULL,
  `GROUP_ID_` varchar(64) COLLATE utf8_bin NOT NULL,
  PRIMARY KEY (`USER_ID_`,`GROUP_ID_`),
  KEY `ACT_FK_MEMB_GROUP` (`GROUP_ID_`),
  CONSTRAINT `ACT_FK_MEMB_GROUP` FOREIGN KEY (`GROUP_ID_`) REFERENCES `ACT_ID_GROUP` (`ID_`),
  CONSTRAINT `ACT_FK_MEMB_USER` FOREIGN KEY (`USER_ID_`) REFERENCES `ACT_ID_USER` (`ID_`)
) ENGINE=InnoDB DEFAULT CHARSET=utf8 COLLATE=utf8_bin;

-- ----------------------------
--  Table structure for `ACT_ID_USER`
-- ----------------------------
DROP TABLE IF EXISTS `ACT_ID_USER`;
CREATE TABLE `ACT_ID_USER` (
  `ID_` varchar(64) COLLATE utf8_bin NOT NULL,
  `REV_` int(11) DEFAULT NULL,
  `FIRST_` varchar(255) COLLATE utf8_bin DEFAULT NULL,
  `LAST_` varchar(255) COLLATE utf8_bin DEFAULT NULL,
  `EMAIL_` varchar(255) COLLATE utf8_bin DEFAULT NULL,
  `PWD_` varchar(255) COLLATE utf8_bin DEFAULT NULL,
  `PICTURE_ID_` varchar(64) COLLATE utf8_bin DEFAULT NULL,
  PRIMARY KEY (`ID_`)
) ENGINE=InnoDB DEFAULT CHARSET=utf8 COLLATE=utf8_bin;

-- ----------------------------
--  Table structure for `ACT_PROCDEF_INFO`
-- ----------------------------
DROP TABLE IF EXISTS `ACT_PROCDEF_INFO`;
CREATE TABLE `ACT_PROCDEF_INFO` (
  `ID_` varchar(64) COLLATE utf8_bin NOT NULL,
  `PROC_DEF_ID_` varchar(64) COLLATE utf8_bin NOT NULL,
  `REV_` int(11) DEFAULT NULL,
  `INFO_JSON_ID_` varchar(64) COLLATE utf8_bin DEFAULT NULL,
  PRIMARY KEY (`ID_`),
  UNIQUE KEY `ACT_UNIQ_INFO_PROCDEF` (`PROC_DEF_ID_`),
  KEY `ACT_IDX_INFO_PROCDEF` (`PROC_DEF_ID_`),
  KEY `ACT_FK_INFO_JSON_BA` (`INFO_JSON_ID_`),
  CONSTRAINT `ACT_FK_INFO_JSON_BA` FOREIGN KEY (`INFO_JSON_ID_`) REFERENCES `ACT_GE_BYTEARRAY` (`ID_`),
  CONSTRAINT `ACT_FK_INFO_PROCDEF` FOREIGN KEY (`PROC_DEF_ID_`) REFERENCES `ACT_RE_PROCDEF` (`ID_`)
) ENGINE=InnoDB DEFAULT CHARSET=utf8 COLLATE=utf8_bin;

-- ----------------------------
--  Table structure for `ACT_RE_DEPLOYMENT`
-- ----------------------------
DROP TABLE IF EXISTS `ACT_RE_DEPLOYMENT`;
CREATE TABLE `ACT_RE_DEPLOYMENT` (
  `ID_` varchar(64) COLLATE utf8_bin NOT NULL,
  `NAME_` varchar(255) COLLATE utf8_bin DEFAULT NULL,
  `CATEGORY_` varchar(255) COLLATE utf8_bin DEFAULT NULL,
  `TENANT_ID_` varchar(255) COLLATE utf8_bin DEFAULT '',
  `DEPLOY_TIME_` timestamp(3) NULL DEFAULT NULL,
  PRIMARY KEY (`ID_`)
) ENGINE=InnoDB DEFAULT CHARSET=utf8 COLLATE=utf8_bin;

-- ----------------------------
--  Records of `ACT_RE_DEPLOYMENT`
-- ----------------------------
BEGIN;
INSERT INTO `ACT_RE_DEPLOYMENT` VALUES ('12509', '请教流程', null, '1', '2018-11-11 01:47:50.296'), ('25001', '请假流程', null, '1', '2018-12-03 23:51:57.877');
COMMIT;

-- ----------------------------
--  Table structure for `ACT_RE_MODEL`
-- ----------------------------
DROP TABLE IF EXISTS `ACT_RE_MODEL`;
CREATE TABLE `ACT_RE_MODEL` (
  `ID_` varchar(64) COLLATE utf8_bin NOT NULL,
  `REV_` int(11) DEFAULT NULL,
  `NAME_` varchar(255) COLLATE utf8_bin DEFAULT NULL,
  `KEY_` varchar(255) COLLATE utf8_bin DEFAULT NULL,
  `CATEGORY_` varchar(255) COLLATE utf8_bin DEFAULT NULL,
  `CREATE_TIME_` timestamp(3) NULL DEFAULT NULL,
  `LAST_UPDATE_TIME_` timestamp(3) NULL DEFAULT NULL,
  `VERSION_` int(11) DEFAULT NULL,
  `META_INFO_` varchar(4000) COLLATE utf8_bin DEFAULT NULL,
  `DEPLOYMENT_ID_` varchar(64) COLLATE utf8_bin DEFAULT NULL,
  `EDITOR_SOURCE_VALUE_ID_` varchar(64) COLLATE utf8_bin DEFAULT NULL,
  `EDITOR_SOURCE_EXTRA_VALUE_ID_` varchar(64) COLLATE utf8_bin DEFAULT NULL,
  `TENANT_ID_` varchar(255) COLLATE utf8_bin DEFAULT '',
  PRIMARY KEY (`ID_`),
  KEY `ACT_FK_MODEL_SOURCE` (`EDITOR_SOURCE_VALUE_ID_`),
  KEY `ACT_FK_MODEL_SOURCE_EXTRA` (`EDITOR_SOURCE_EXTRA_VALUE_ID_`),
  KEY `ACT_FK_MODEL_DEPLOYMENT` (`DEPLOYMENT_ID_`),
  CONSTRAINT `ACT_FK_MODEL_DEPLOYMENT` FOREIGN KEY (`DEPLOYMENT_ID_`) REFERENCES `ACT_RE_DEPLOYMENT` (`ID_`),
  CONSTRAINT `ACT_FK_MODEL_SOURCE` FOREIGN KEY (`EDITOR_SOURCE_VALUE_ID_`) REFERENCES `ACT_GE_BYTEARRAY` (`ID_`),
  CONSTRAINT `ACT_FK_MODEL_SOURCE_EXTRA` FOREIGN KEY (`EDITOR_SOURCE_EXTRA_VALUE_ID_`) REFERENCES `ACT_GE_BYTEARRAY` (`ID_`)
) ENGINE=InnoDB DEFAULT CHARSET=utf8 COLLATE=utf8_bin;

-- ----------------------------
--  Records of `ACT_RE_MODEL`
-- ----------------------------
BEGIN;
INSERT INTO `ACT_RE_MODEL` VALUES ('1', '11', '请假流程', 'LeaveBill', 'LeaveBill', '2018-11-10 22:52:35.569', '2018-12-03 23:45:57.654', '1', '{\"name\":\"请假流程\",\"revision\":1,\"description\":\"内置请假流程。\"}', null, '2', '3', '1');
COMMIT;

-- ----------------------------
--  Table structure for `ACT_RE_PROCDEF`
-- ----------------------------
DROP TABLE IF EXISTS `ACT_RE_PROCDEF`;
CREATE TABLE `ACT_RE_PROCDEF` (
  `ID_` varchar(64) COLLATE utf8_bin NOT NULL,
  `REV_` int(11) DEFAULT NULL,
  `CATEGORY_` varchar(255) COLLATE utf8_bin DEFAULT NULL,
  `NAME_` varchar(255) COLLATE utf8_bin DEFAULT NULL,
  `KEY_` varchar(255) COLLATE utf8_bin NOT NULL,
  `VERSION_` int(11) NOT NULL,
  `DEPLOYMENT_ID_` varchar(64) COLLATE utf8_bin DEFAULT NULL,
  `RESOURCE_NAME_` varchar(4000) COLLATE utf8_bin DEFAULT NULL,
  `DGRM_RESOURCE_NAME_` varchar(4000) COLLATE utf8_bin DEFAULT NULL,
  `DESCRIPTION_` varchar(4000) COLLATE utf8_bin DEFAULT NULL,
  `HAS_START_FORM_KEY_` tinyint(4) DEFAULT NULL,
  `HAS_GRAPHICAL_NOTATION_` tinyint(4) DEFAULT NULL,
  `SUSPENSION_STATE_` int(11) DEFAULT NULL,
  `TENANT_ID_` varchar(255) COLLATE utf8_bin DEFAULT '',
  PRIMARY KEY (`ID_`),
  UNIQUE KEY `ACT_UNIQ_PROCDEF` (`KEY_`,`VERSION_`,`TENANT_ID_`)
) ENGINE=InnoDB DEFAULT CHARSET=utf8 COLLATE=utf8_bin;

-- ----------------------------
--  Records of `ACT_RE_PROCDEF`
-- ----------------------------
BEGIN;
INSERT INTO `ACT_RE_PROCDEF` VALUES ('LeaveBill:1:25004', '2', 'LeaveBill', 'LeaveBill', 'LeaveBill', '1', '25001', '请假流程.bpmn20.xml', '请假流程.LeaveBill.png', null, '0', '1', '1', '1');
COMMIT;

-- ----------------------------
--  Table structure for `ACT_RU_EVENT_SUBSCR`
-- ----------------------------
DROP TABLE IF EXISTS `ACT_RU_EVENT_SUBSCR`;
CREATE TABLE `ACT_RU_EVENT_SUBSCR` (
  `ID_` varchar(64) COLLATE utf8_bin NOT NULL,
  `REV_` int(11) DEFAULT NULL,
  `EVENT_TYPE_` varchar(255) COLLATE utf8_bin NOT NULL,
  `EVENT_NAME_` varchar(255) COLLATE utf8_bin DEFAULT NULL,
  `EXECUTION_ID_` varchar(64) COLLATE utf8_bin DEFAULT NULL,
  `PROC_INST_ID_` varchar(64) COLLATE utf8_bin DEFAULT NULL,
  `ACTIVITY_ID_` varchar(64) COLLATE utf8_bin DEFAULT NULL,
  `CONFIGURATION_` varchar(255) COLLATE utf8_bin DEFAULT NULL,
  `CREATED_` timestamp(3) NOT NULL DEFAULT CURRENT_TIMESTAMP(3),
  `PROC_DEF_ID_` varchar(64) COLLATE utf8_bin DEFAULT NULL,
  `TENANT_ID_` varchar(255) COLLATE utf8_bin DEFAULT '',
  PRIMARY KEY (`ID_`),
  KEY `ACT_IDX_EVENT_SUBSCR_CONFIG_` (`CONFIGURATION_`),
  KEY `ACT_FK_EVENT_EXEC` (`EXECUTION_ID_`),
  CONSTRAINT `ACT_FK_EVENT_EXEC` FOREIGN KEY (`EXECUTION_ID_`) REFERENCES `ACT_RU_EXECUTION` (`ID_`)
) ENGINE=InnoDB DEFAULT CHARSET=utf8 COLLATE=utf8_bin;

-- ----------------------------
--  Table structure for `ACT_RU_EXECUTION`
-- ----------------------------
DROP TABLE IF EXISTS `ACT_RU_EXECUTION`;
CREATE TABLE `ACT_RU_EXECUTION` (
  `ID_` varchar(64) COLLATE utf8_bin NOT NULL,
  `REV_` int(11) DEFAULT NULL,
  `PROC_INST_ID_` varchar(64) COLLATE utf8_bin DEFAULT NULL,
  `BUSINESS_KEY_` varchar(255) COLLATE utf8_bin DEFAULT NULL,
  `PARENT_ID_` varchar(64) COLLATE utf8_bin DEFAULT NULL,
  `PROC_DEF_ID_` varchar(64) COLLATE utf8_bin DEFAULT NULL,
  `SUPER_EXEC_` varchar(64) COLLATE utf8_bin DEFAULT NULL,
  `ACT_ID_` varchar(255) COLLATE utf8_bin DEFAULT NULL,
  `IS_ACTIVE_` tinyint(4) DEFAULT NULL,
  `IS_CONCURRENT_` tinyint(4) DEFAULT NULL,
  `IS_SCOPE_` tinyint(4) DEFAULT NULL,
  `IS_EVENT_SCOPE_` tinyint(4) DEFAULT NULL,
  `SUSPENSION_STATE_` int(11) DEFAULT NULL,
  `CACHED_ENT_STATE_` int(11) DEFAULT NULL,
  `TENANT_ID_` varchar(255) COLLATE utf8_bin DEFAULT '',
  `NAME_` varchar(255) COLLATE utf8_bin DEFAULT NULL,
  `LOCK_TIME_` timestamp(3) NULL DEFAULT NULL,
  PRIMARY KEY (`ID_`),
  KEY `ACT_IDX_EXEC_BUSKEY` (`BUSINESS_KEY_`),
  KEY `ACT_FK_EXE_PROCINST` (`PROC_INST_ID_`),
  KEY `ACT_FK_EXE_PARENT` (`PARENT_ID_`),
  KEY `ACT_FK_EXE_SUPER` (`SUPER_EXEC_`),
  KEY `ACT_FK_EXE_PROCDEF` (`PROC_DEF_ID_`),
  CONSTRAINT `ACT_FK_EXE_PARENT` FOREIGN KEY (`PARENT_ID_`) REFERENCES `ACT_RU_EXECUTION` (`ID_`),
  CONSTRAINT `ACT_FK_EXE_PROCDEF` FOREIGN KEY (`PROC_DEF_ID_`) REFERENCES `ACT_RE_PROCDEF` (`ID_`),
  CONSTRAINT `ACT_FK_EXE_PROCINST` FOREIGN KEY (`PROC_INST_ID_`) REFERENCES `ACT_RU_EXECUTION` (`ID_`) ON DELETE CASCADE ON UPDATE CASCADE,
  CONSTRAINT `ACT_FK_EXE_SUPER` FOREIGN KEY (`SUPER_EXEC_`) REFERENCES `ACT_RU_EXECUTION` (`ID_`)
) ENGINE=InnoDB DEFAULT CHARSET=utf8 COLLATE=utf8_bin;

-- ----------------------------
--  Records of `ACT_RU_EXECUTION`
-- ----------------------------
BEGIN;
INSERT INTO `ACT_RU_EXECUTION` VALUES ('25005', '3', '25005', 'LeaveBill_17', null, 'LeaveBill:1:25004', null, 'sid-A13A9AA8-CC8F-4B33-8166-EF7757F6ABDB', '1', '0', '1', '0', '1', '2', '1', null, null), ('25022', '3', '25022', 'LeaveBill_18', null, 'LeaveBill:1:25004', null, 'sid-D191DB7D-10B8-4AE7-8284-E0931287237C', '1', '0', '1', '0', '1', '2', '1', null, null);
COMMIT;

-- ----------------------------
--  Table structure for `ACT_RU_IDENTITYLINK`
-- ----------------------------
DROP TABLE IF EXISTS `ACT_RU_IDENTITYLINK`;
CREATE TABLE `ACT_RU_IDENTITYLINK` (
  `ID_` varchar(64) COLLATE utf8_bin NOT NULL,
  `REV_` int(11) DEFAULT NULL,
  `GROUP_ID_` varchar(255) COLLATE utf8_bin DEFAULT NULL,
  `TYPE_` varchar(255) COLLATE utf8_bin DEFAULT NULL,
  `USER_ID_` varchar(255) COLLATE utf8_bin DEFAULT NULL,
  `TASK_ID_` varchar(64) COLLATE utf8_bin DEFAULT NULL,
  `PROC_INST_ID_` varchar(64) COLLATE utf8_bin DEFAULT NULL,
  `PROC_DEF_ID_` varchar(64) COLLATE utf8_bin DEFAULT NULL,
  PRIMARY KEY (`ID_`),
  KEY `ACT_IDX_IDENT_LNK_USER` (`USER_ID_`),
  KEY `ACT_IDX_IDENT_LNK_GROUP` (`GROUP_ID_`),
  KEY `ACT_IDX_ATHRZ_PROCEDEF` (`PROC_DEF_ID_`),
  KEY `ACT_FK_TSKASS_TASK` (`TASK_ID_`),
  KEY `ACT_FK_IDL_PROCINST` (`PROC_INST_ID_`),
  CONSTRAINT `ACT_FK_ATHRZ_PROCEDEF` FOREIGN KEY (`PROC_DEF_ID_`) REFERENCES `ACT_RE_PROCDEF` (`ID_`),
  CONSTRAINT `ACT_FK_IDL_PROCINST` FOREIGN KEY (`PROC_INST_ID_`) REFERENCES `ACT_RU_EXECUTION` (`ID_`),
  CONSTRAINT `ACT_FK_TSKASS_TASK` FOREIGN KEY (`TASK_ID_`) REFERENCES `ACT_RU_TASK` (`ID_`)
) ENGINE=InnoDB DEFAULT CHARSET=utf8 COLLATE=utf8_bin;

-- ----------------------------
--  Table structure for `ACT_RU_JOB`
-- ----------------------------
DROP TABLE IF EXISTS `ACT_RU_JOB`;
CREATE TABLE `ACT_RU_JOB` (
  `ID_` varchar(64) COLLATE utf8_bin NOT NULL,
  `REV_` int(11) DEFAULT NULL,
  `TYPE_` varchar(255) COLLATE utf8_bin NOT NULL,
  `LOCK_EXP_TIME_` timestamp(3) NULL DEFAULT NULL,
  `LOCK_OWNER_` varchar(255) COLLATE utf8_bin DEFAULT NULL,
  `EXCLUSIVE_` tinyint(1) DEFAULT NULL,
  `EXECUTION_ID_` varchar(64) COLLATE utf8_bin DEFAULT NULL,
  `PROCESS_INSTANCE_ID_` varchar(64) COLLATE utf8_bin DEFAULT NULL,
  `PROC_DEF_ID_` varchar(64) COLLATE utf8_bin DEFAULT NULL,
  `RETRIES_` int(11) DEFAULT NULL,
  `EXCEPTION_STACK_ID_` varchar(64) COLLATE utf8_bin DEFAULT NULL,
  `EXCEPTION_MSG_` varchar(4000) COLLATE utf8_bin DEFAULT NULL,
  `DUEDATE_` timestamp(3) NULL DEFAULT NULL,
  `REPEAT_` varchar(255) COLLATE utf8_bin DEFAULT NULL,
  `HANDLER_TYPE_` varchar(255) COLLATE utf8_bin DEFAULT NULL,
  `HANDLER_CFG_` varchar(4000) COLLATE utf8_bin DEFAULT NULL,
  `TENANT_ID_` varchar(255) COLLATE utf8_bin DEFAULT '',
  PRIMARY KEY (`ID_`),
  KEY `ACT_FK_JOB_EXCEPTION` (`EXCEPTION_STACK_ID_`),
  CONSTRAINT `ACT_FK_JOB_EXCEPTION` FOREIGN KEY (`EXCEPTION_STACK_ID_`) REFERENCES `ACT_GE_BYTEARRAY` (`ID_`)
) ENGINE=InnoDB DEFAULT CHARSET=utf8 COLLATE=utf8_bin;

-- ----------------------------
--  Table structure for `ACT_RU_TASK`
-- ----------------------------
DROP TABLE IF EXISTS `ACT_RU_TASK`;
CREATE TABLE `ACT_RU_TASK` (
  `ID_` varchar(64) COLLATE utf8_bin NOT NULL,
  `REV_` int(11) DEFAULT NULL,
  `EXECUTION_ID_` varchar(64) COLLATE utf8_bin DEFAULT NULL,
  `PROC_INST_ID_` varchar(64) COLLATE utf8_bin DEFAULT NULL,
  `PROC_DEF_ID_` varchar(64) COLLATE utf8_bin DEFAULT NULL,
  `NAME_` varchar(255) COLLATE utf8_bin DEFAULT NULL,
  `PARENT_TASK_ID_` varchar(64) COLLATE utf8_bin DEFAULT NULL,
  `DESCRIPTION_` varchar(4000) COLLATE utf8_bin DEFAULT NULL,
  `TASK_DEF_KEY_` varchar(255) COLLATE utf8_bin DEFAULT NULL,
  `OWNER_` varchar(255) COLLATE utf8_bin DEFAULT NULL,
  `ASSIGNEE_` varchar(255) COLLATE utf8_bin DEFAULT NULL,
  `DELEGATION_` varchar(64) COLLATE utf8_bin DEFAULT NULL,
  `PRIORITY_` int(11) DEFAULT NULL,
  `CREATE_TIME_` timestamp(3) NULL DEFAULT NULL,
  `DUE_DATE_` datetime(3) DEFAULT NULL,
  `CATEGORY_` varchar(255) COLLATE utf8_bin DEFAULT NULL,
  `SUSPENSION_STATE_` int(11) DEFAULT NULL,
  `TENANT_ID_` varchar(255) COLLATE utf8_bin DEFAULT '',
  `FORM_KEY_` varchar(255) COLLATE utf8_bin DEFAULT NULL,
  PRIMARY KEY (`ID_`),
  KEY `ACT_IDX_TASK_CREATE` (`CREATE_TIME_`),
  KEY `ACT_FK_TASK_EXE` (`EXECUTION_ID_`),
  KEY `ACT_FK_TASK_PROCINST` (`PROC_INST_ID_`),
  KEY `ACT_FK_TASK_PROCDEF` (`PROC_DEF_ID_`),
  CONSTRAINT `ACT_FK_TASK_EXE` FOREIGN KEY (`EXECUTION_ID_`) REFERENCES `ACT_RU_EXECUTION` (`ID_`),
  CONSTRAINT `ACT_FK_TASK_PROCDEF` FOREIGN KEY (`PROC_DEF_ID_`) REFERENCES `ACT_RE_PROCDEF` (`ID_`),
  CONSTRAINT `ACT_FK_TASK_PROCINST` FOREIGN KEY (`PROC_INST_ID_`) REFERENCES `ACT_RU_EXECUTION` (`ID_`)
) ENGINE=InnoDB DEFAULT CHARSET=utf8 COLLATE=utf8_bin;

-- ----------------------------
--  Table structure for `ACT_RU_VARIABLE`
-- ----------------------------
DROP TABLE IF EXISTS `ACT_RU_VARIABLE`;
CREATE TABLE `ACT_RU_VARIABLE` (
  `ID_` varchar(64) COLLATE utf8_bin NOT NULL,
  `REV_` int(11) DEFAULT NULL,
  `TYPE_` varchar(255) COLLATE utf8_bin NOT NULL,
  `NAME_` varchar(255) COLLATE utf8_bin NOT NULL,
  `EXECUTION_ID_` varchar(64) COLLATE utf8_bin DEFAULT NULL,
  `PROC_INST_ID_` varchar(64) COLLATE utf8_bin DEFAULT NULL,
  `TASK_ID_` varchar(64) COLLATE utf8_bin DEFAULT NULL,
  `BYTEARRAY_ID_` varchar(64) COLLATE utf8_bin DEFAULT NULL,
  `DOUBLE_` double DEFAULT NULL,
  `LONG_` bigint(20) DEFAULT NULL,
  `TEXT_` varchar(4000) COLLATE utf8_bin DEFAULT NULL,
  `TEXT2_` varchar(4000) COLLATE utf8_bin DEFAULT NULL,
  PRIMARY KEY (`ID_`),
  KEY `ACT_IDX_VARIABLE_TASK_ID` (`TASK_ID_`),
  KEY `ACT_FK_VAR_EXE` (`EXECUTION_ID_`),
  KEY `ACT_FK_VAR_PROCINST` (`PROC_INST_ID_`),
  KEY `ACT_FK_VAR_BYTEARRAY` (`BYTEARRAY_ID_`),
  CONSTRAINT `ACT_FK_VAR_BYTEARRAY` FOREIGN KEY (`BYTEARRAY_ID_`) REFERENCES `ACT_GE_BYTEARRAY` (`ID_`),
  CONSTRAINT `ACT_FK_VAR_EXE` FOREIGN KEY (`EXECUTION_ID_`) REFERENCES `ACT_RU_EXECUTION` (`ID_`),
  CONSTRAINT `ACT_FK_VAR_PROCINST` FOREIGN KEY (`PROC_INST_ID_`) REFERENCES `ACT_RU_EXECUTION` (`ID_`)
) ENGINE=InnoDB DEFAULT CHARSET=utf8 COLLATE=utf8_bin;

-- ----------------------------
--  Records of `ACT_RU_VARIABLE`
-- ----------------------------
BEGIN;
INSERT INTO `ACT_RU_VARIABLE` VALUES ('25012', '1', 'integer', 'days', '25005', '25005', null, null, null, '3', '3', null), ('25013', '1', 'string', 'flag', '25005', '25005', null, null, null, null, '审批', null), ('25029', '1', 'integer', 'days', '25022', '25022', null, null, null, '15', '15', null), ('25030', '1', 'string', 'flag', '25022', '25022', null, null, null, null, '审批', null);
COMMIT;

-- ----------------------------
--  Table structure for `oa_leave_bill`
-- ----------------------------
DROP TABLE IF EXISTS `oa_leave_bill`;
CREATE TABLE `oa_leave_bill` (
  `leave_id` int(11) NOT NULL AUTO_INCREMENT COMMENT '主键',
  `username` varchar(40) DEFAULT NULL COMMENT '用户名',
  `days` int(4) DEFAULT NULL COMMENT '请假天数',
  `content` varchar(255) DEFAULT NULL COMMENT '备注',
  `state` char(1) DEFAULT '0' COMMENT '状态',
  `leave_time` datetime DEFAULT NULL COMMENT '请假时间',
  `create_time` datetime DEFAULT CURRENT_TIMESTAMP COMMENT '创建时间',
  `update_time` datetime DEFAULT NULL ON UPDATE CURRENT_TIMESTAMP COMMENT '更新时间',
  `del_flag` char(50) DEFAULT '0' COMMENT '删除标识',
  `tenant_id` int(11) NOT NULL COMMENT '所属租户',
  PRIMARY KEY (`leave_id`)
) ENGINE=InnoDB AUTO_INCREMENT=2 DEFAULT CHARSET=utf8mb4;

SET FOREIGN_KEY_CHECKS = 1;
